Grupo;Produto;Ano;Valor
VINHO DE MESA;Tinto;1970;174224052
VINHO DE MESA;Tinto;1971;121133369
VINHO DE MESA;Tinto;1972;118180926
VINHO DE MESA;Tinto;1973;88589019
VINHO DE MESA;Tinto;1974;146544484
VINHO DE MESA;Tinto;1975;144274134
VINHO DE MESA;Tinto;1976;118360170
VINHO DE MESA;Tinto;1977;154801826
VINHO DE MESA;Tinto;1978;162917363
VINHO DE MESA;Tinto;1979;154736439
VINHO DE MESA;Tinto;1980;101659755
VINHO DE MESA;Tinto;1981;134156175
VINHO DE MESA;Tinto;1982;183349460
VINHO DE MESA;Tinto;1983;87080528
VINHO DE MESA;Tinto;1984;119615028
VINHO DE MESA;Tinto;1985;216732390
VINHO DE MESA;Tinto;1986;118766694
VINHO DE MESA;Tinto;1987;97841160
VINHO DE MESA;Tinto;1988;173747942
VINHO DE MESA;Tinto;1989;136931173
VINHO DE MESA;Tinto;1990;154359897
VINHO DE MESA;Tinto;1991;90320836
VINHO DE MESA;Tinto;1992;118638894
VINHO DE MESA;Tinto;1993;125172218
VINHO DE MESA;Tinto;1994;161479717
VINHO DE MESA;Tinto;1995;167174017
VINHO DE MESA;Tinto;1996;115896909
VINHO DE MESA;Tinto;1997;116458841
VINHO DE MESA;Tinto;1998;102127865
VINHO DE MESA;Tinto;1999;168149414
VINHO DE MESA;Tinto;2000;208242670
VINHO DE MESA;Tinto;2001;175267437
VINHO DE MESA;Tinto;2002;215892333
VINHO DE MESA;Tinto;2003;155513687
VINHO DE MESA;Tinto;2004;254172425
VINHO DE MESA;Tinto;2005;180698666
VINHO DE MESA;Tinto;2006;149552555
VINHO DE MESA;Tinto;2007;228156220
VINHO DE MESA;Tinto;2008;241057928
VINHO DE MESA;Tinto;2009;164143454
VINHO DE MESA;Tinto;2010;157290088
VINHO DE MESA;Tinto;2011;210113358
VINHO DE MESA;Tinto;2012;175875432
VINHO DE MESA;Tinto;2013;163111797
VINHO DE MESA;Tinto;2014;157776363
VINHO DE MESA;Tinto;2015;169811472
VINHO DE MESA;Tinto;2016;75279191
VINHO DE MESA;Tinto;2017;1365957
VINHO DE MESA;Tinto;2018;188270142
VINHO DE MESA;Tinto;2019;121045115
VINHO DE MESA;Tinto;2020;103916391
VINHO DE MESA;Tinto;2021;146075996
VINHO DE MESA;Branco;1970;748400
VINHO DE MESA;Branco;1971;1160500
VINHO DE MESA;Branco;1972;1812367
VINHO DE MESA;Branco;1973;243900
VINHO DE MESA;Branco;1974;4138768
VINHO DE MESA;Branco;1975;1441507
VINHO DE MESA;Branco;1976;1871473
VINHO DE MESA;Branco;1977;4954387
VINHO DE MESA;Branco;1978;5079748
VINHO DE MESA;Branco;1979;7146395
VINHO DE MESA;Branco;1980;5363452
VINHO DE MESA;Branco;1981;12547739
VINHO DE MESA;Branco;1982;15782499
VINHO DE MESA;Branco;1983;12191896
VINHO DE MESA;Branco;1984;19502230
VINHO DE MESA;Branco;1985;23010666
VINHO DE MESA;Branco;1986;16872183
VINHO DE MESA;Branco;1987;27497857
VINHO DE MESA;Branco;1988;32660045
VINHO DE MESA;Branco;1989;24603265
VINHO DE MESA;Branco;1990;33512030
VINHO DE MESA;Branco;1991;25046588
VINHO DE MESA;Branco;1992;25446255
VINHO DE MESA;Branco;1993;31986075
VINHO DE MESA;Branco;1994;28291853
VINHO DE MESA;Branco;1995;15472732
VINHO DE MESA;Branco;1996;24073622
VINHO DE MESA;Branco;1997;41842945
VINHO DE MESA;Branco;1998;32140249
VINHO DE MESA;Branco;1999;42528150
VINHO DE MESA;Branco;2000;44902276
VINHO DE MESA;Branco;2001;44322836
VINHO DE MESA;Branco;2002;35329657
VINHO DE MESA;Branco;2003;40861639
VINHO DE MESA;Branco;2004;51719967
VINHO DE MESA;Branco;2005;39212146
VINHO DE MESA;Branco;2006;31738390
VINHO DE MESA;Branco;2007;42118552
VINHO DE MESA;Branco;2008;42942053
VINHO DE MESA;Branco;2009;39211278
VINHO DE MESA;Branco;2010;35408083
VINHO DE MESA;Branco;2011;46007504
VINHO DE MESA;Branco;2012;34938249
VINHO DE MESA;Branco;2013;32066403
VINHO DE MESA;Branco;2014;37438069
VINHO DE MESA;Branco;2015;39557250
VINHO DE MESA;Branco;2016;10727099
VINHO DE MESA;Branco;2017;217527985
VINHO DE MESA;Branco;2018;29229970
VINHO DE MESA;Branco;2019;22032828
VINHO DE MESA;Branco;2020;19568734
VINHO DE MESA;Branco;2021;26432799
VINHO DE MESA;Rosado;1970;42236152
VINHO DE MESA;Rosado;1971;31970782
VINHO DE MESA;Rosado;1972;26960004
VINHO DE MESA;Rosado;1973;27877426
VINHO DE MESA;Rosado;1974;43192093
VINHO DE MESA;Rosado;1975;31685568
VINHO DE MESA;Rosado;1976;24333795
VINHO DE MESA;Rosado;1977;35603565
VINHO DE MESA;Rosado;1978;32056558
VINHO DE MESA;Rosado;1979;49370148
VINHO DE MESA;Rosado;1980;23284978
VINHO DE MESA;Rosado;1981;39425814
VINHO DE MESA;Rosado;1982;35622605
VINHO DE MESA;Rosado;1983;20989120
VINHO DE MESA;Rosado;1984;38563073
VINHO DE MESA;Rosado;1985;35595899
VINHO DE MESA;Rosado;1986;22072645
VINHO DE MESA;Rosado;1987;25128167
VINHO DE MESA;Rosado;1988;38383071
VINHO DE MESA;Rosado;1989;20267523
VINHO DE MESA;Rosado;1990;22676272
VINHO DE MESA;Rosado;1991;11400830
VINHO DE MESA;Rosado;1992;19163270
VINHO DE MESA;Rosado;1993;14596702
VINHO DE MESA;Rosado;1994;12301693
VINHO DE MESA;Rosado;1995;32141555
VINHO DE MESA;Rosado;1996;12947240
VINHO DE MESA;Rosado;1997;24514261
VINHO DE MESA;Rosado;1998;16546829
VINHO DE MESA;Rosado;1999;15843212
VINHO DE MESA;Rosado;2000;19880630
VINHO DE MESA;Rosado;2001;9342185
VINHO DE MESA;Rosado;2002;8367750
VINHO DE MESA;Rosado;2003;6170398
VINHO DE MESA;Rosado;2004;8069892
VINHO DE MESA;Rosado;2005;6169620
VINHO DE MESA;Rosado;2006;3809942
VINHO DE MESA;Rosado;2007;5013136
VINHO DE MESA;Rosado;2008;3506830
VINHO DE MESA;Rosado;2009;2063474
VINHO DE MESA;Rosado;2010;2569809
VINHO DE MESA;Rosado;2011;1719887
VINHO DE MESA;Rosado;2012;1963356
VINHO DE MESA;Rosado;2013;1726022
VINHO DE MESA;Rosado;2014;958691
VINHO DE MESA;Rosado;2015;939838
VINHO DE MESA;Rosado;2016;312725
VINHO DE MESA;Rosado;2017;36121245
VINHO DE MESA;Rosado;2018;875524
VINHO DE MESA;Rosado;2019;1551794
VINHO DE MESA;Rosado;2020;715289
VINHO DE MESA;Rosado;2021;1391200
VINHO FINO DE MESA (VINÍFERA);Tinto;1970;7591557
VINHO FINO DE MESA (VINÍFERA);Tinto;1971;7265666
VINHO FINO DE MESA (VINÍFERA);Tinto;1972;6782837
VINHO FINO DE MESA (VINÍFERA);Tinto;1973;3419625
VINHO FINO DE MESA (VINÍFERA);Tinto;1974;10047658
VINHO FINO DE MESA (VINÍFERA);Tinto;1975;14731106
VINHO FINO DE MESA (VINÍFERA);Tinto;1976;12405154
VINHO FINO DE MESA (VINÍFERA);Tinto;1977;16131758
VINHO FINO DE MESA (VINÍFERA);Tinto;1978;15000671
VINHO FINO DE MESA (VINÍFERA);Tinto;1979;14356453
VINHO FINO DE MESA (VINÍFERA);Tinto;1980;9296741
VINHO FINO DE MESA (VINÍFERA);Tinto;1981;16036963
VINHO FINO DE MESA (VINÍFERA);Tinto;1982;19987588
VINHO FINO DE MESA (VINÍFERA);Tinto;1983;14340514
VINHO FINO DE MESA (VINÍFERA);Tinto;1984;15777602
VINHO FINO DE MESA (VINÍFERA);Tinto;1985;19347979
VINHO FINO DE MESA (VINÍFERA);Tinto;1986;12282967
VINHO FINO DE MESA (VINÍFERA);Tinto;1987;10920073
VINHO FINO DE MESA (VINÍFERA);Tinto;1988;18690518
VINHO FINO DE MESA (VINÍFERA);Tinto;1989;16140751
VINHO FINO DE MESA (VINÍFERA);Tinto;1990;17750504
VINHO FINO DE MESA (VINÍFERA);Tinto;1991;12001895
VINHO FINO DE MESA (VINÍFERA);Tinto;1992;13449911
VINHO FINO DE MESA (VINÍFERA);Tinto;1993;12119485
VINHO FINO DE MESA (VINÍFERA);Tinto;1994;15646861
VINHO FINO DE MESA (VINÍFERA);Tinto;1995;11924291
VINHO FINO DE MESA (VINÍFERA);Tinto;1996;12819866
VINHO FINO DE MESA (VINÍFERA);Tinto;1997;12590647
VINHO FINO DE MESA (VINÍFERA);Tinto;1998;8716140
VINHO FINO DE MESA (VINÍFERA);Tinto;1999;14640657
VINHO FINO DE MESA (VINÍFERA);Tinto;2000;18545613
VINHO FINO DE MESA (VINÍFERA);Tinto;2001;13587683
VINHO FINO DE MESA (VINÍFERA);Tinto;2002;13619033
VINHO FINO DE MESA (VINÍFERA);Tinto;2003;15357576
VINHO FINO DE MESA (VINÍFERA);Tinto;2004;23062182
VINHO FINO DE MESA (VINÍFERA);Tinto;2005;25409805
VINHO FINO DE MESA (VINÍFERA);Tinto;2006;18868108
VINHO FINO DE MESA (VINÍFERA);Tinto;2007;24786071
VINHO FINO DE MESA (VINÍFERA);Tinto;2008;27583032
VINHO FINO DE MESA (VINÍFERA);Tinto;2009;18209043
VINHO FINO DE MESA (VINÍFERA);Tinto;2010;11401406
VINHO FINO DE MESA (VINÍFERA);Tinto;2011;24104740
VINHO FINO DE MESA (VINÍFERA);Tinto;2012;24027589
VINHO FINO DE MESA (VINÍFERA);Tinto;2013;23156458
VINHO FINO DE MESA (VINÍFERA);Tinto;2014;17208996
VINHO FINO DE MESA (VINÍFERA);Tinto;2015;16745896
VINHO FINO DE MESA (VINÍFERA);Tinto;2016;8774847
VINHO FINO DE MESA (VINÍFERA);Tinto;2017;21442212
VINHO FINO DE MESA (VINÍFERA);Tinto;2018;19118254
VINHO FINO DE MESA (VINÍFERA);Tinto;2019;17389377
VINHO FINO DE MESA (VINÍFERA);Tinto;2020;15451883
VINHO FINO DE MESA (VINÍFERA);Tinto;2021;20433249
VINHO FINO DE MESA (VINÍFERA);Branco;1970;15562889
VINHO FINO DE MESA (VINÍFERA);Branco;1971;15655709
VINHO FINO DE MESA (VINÍFERA);Branco;1972;13289304
VINHO FINO DE MESA (VINÍFERA);Branco;1973;7930070
VINHO FINO DE MESA (VINÍFERA);Branco;1974;18927471
VINHO FINO DE MESA (VINÍFERA);Branco;1975;21933695
VINHO FINO DE MESA (VINÍFERA);Branco;1976;19874659
VINHO FINO DE MESA (VINÍFERA);Branco;1977;20409231
VINHO FINO DE MESA (VINÍFERA);Branco;1978;17640081
VINHO FINO DE MESA (VINÍFERA);Branco;1979;25727132
VINHO FINO DE MESA (VINÍFERA);Branco;1980;19326572
VINHO FINO DE MESA (VINÍFERA);Branco;1981;27528276
VINHO FINO DE MESA (VINÍFERA);Branco;1982;34423412
VINHO FINO DE MESA (VINÍFERA);Branco;1983;24164361
VINHO FINO DE MESA (VINÍFERA);Branco;1984;30395959
VINHO FINO DE MESA (VINÍFERA);Branco;1985;44679484
VINHO FINO DE MESA (VINÍFERA);Branco;1986;34794145
VINHO FINO DE MESA (VINÍFERA);Branco;1987;35432544
VINHO FINO DE MESA (VINÍFERA);Branco;1988;56441847
VINHO FINO DE MESA (VINÍFERA);Branco;1989;54983093
VINHO FINO DE MESA (VINÍFERA);Branco;1990;52080420
VINHO FINO DE MESA (VINÍFERA);Branco;1991;33307472
VINHO FINO DE MESA (VINÍFERA);Branco;1992;38856367
VINHO FINO DE MESA (VINÍFERA);Branco;1993;40415898
VINHO FINO DE MESA (VINÍFERA);Branco;1994;42419680
VINHO FINO DE MESA (VINÍFERA);Branco;1995;34209738
VINHO FINO DE MESA (VINÍFERA);Branco;1996;31893892
VINHO FINO DE MESA (VINÍFERA);Branco;1997;33792167
VINHO FINO DE MESA (VINÍFERA);Branco;1998;24384090
VINHO FINO DE MESA (VINÍFERA);Branco;1999;30674840
VINHO FINO DE MESA (VINÍFERA);Branco;2000;36955126
VINHO FINO DE MESA (VINÍFERA);Branco;2001;20393594
VINHO FINO DE MESA (VINÍFERA);Branco;2002;17911689
VINHO FINO DE MESA (VINÍFERA);Branco;2003;14058481
VINHO FINO DE MESA (VINÍFERA);Branco;2004;19803647
VINHO FINO DE MESA (VINÍFERA);Branco;2005;20012363
VINHO FINO DE MESA (VINÍFERA);Branco;2006;13249969
VINHO FINO DE MESA (VINÍFERA);Branco;2007;17598428
VINHO FINO DE MESA (VINÍFERA);Branco;2008;18812571
VINHO FINO DE MESA (VINÍFERA);Branco;2009;21366975
VINHO FINO DE MESA (VINÍFERA);Branco;2010;13013027
VINHO FINO DE MESA (VINÍFERA);Branco;2011;22739426
VINHO FINO DE MESA (VINÍFERA);Branco;2012;20647238
VINHO FINO DE MESA (VINÍFERA);Branco;2013;21906349
VINHO FINO DE MESA (VINÍFERA);Branco;2014;20054804
VINHO FINO DE MESA (VINÍFERA);Branco;2015;19561966
VINHO FINO DE MESA (VINÍFERA);Branco;2016;8705066
VINHO FINO DE MESA (VINÍFERA);Branco;2017;21928400
VINHO FINO DE MESA (VINÍFERA);Branco;2018;18297257
VINHO FINO DE MESA (VINÍFERA);Branco;2019;18193055
VINHO FINO DE MESA (VINÍFERA);Branco;2020;15487915
VINHO FINO DE MESA (VINÍFERA);Branco;2021;20867999
VINHO FINO DE MESA (VINÍFERA);Rosado;1970;744900
VINHO FINO DE MESA (VINÍFERA);Rosado;1971;664687
VINHO FINO DE MESA (VINÍFERA);Rosado;1972;1006630
VINHO FINO DE MESA (VINÍFERA);Rosado;1973;1018715
VINHO FINO DE MESA (VINÍFERA);Rosado;1974;2668995
VINHO FINO DE MESA (VINÍFERA);Rosado;1975;2759789
VINHO FINO DE MESA (VINÍFERA);Rosado;1976;2220777
VINHO FINO DE MESA (VINÍFERA);Rosado;1977;4723982
VINHO FINO DE MESA (VINÍFERA);Rosado;1978;4110181
VINHO FINO DE MESA (VINÍFERA);Rosado;1979;6046125
VINHO FINO DE MESA (VINÍFERA);Rosado;1980;3117350
VINHO FINO DE MESA (VINÍFERA);Rosado;1981;5782808
VINHO FINO DE MESA (VINÍFERA);Rosado;1982;3042581
VINHO FINO DE MESA (VINÍFERA);Rosado;1983;2111937
VINHO FINO DE MESA (VINÍFERA);Rosado;1984;2115718
VINHO FINO DE MESA (VINÍFERA);Rosado;1985;3007930
VINHO FINO DE MESA (VINÍFERA);Rosado;1986;1482068
VINHO FINO DE MESA (VINÍFERA);Rosado;1987;948649
VINHO FINO DE MESA (VINÍFERA);Rosado;1988;1428400
VINHO FINO DE MESA (VINÍFERA);Rosado;1989;1648300
VINHO FINO DE MESA (VINÍFERA);Rosado;1990;3858200
VINHO FINO DE MESA (VINÍFERA);Rosado;1991;209800
VINHO FINO DE MESA (VINÍFERA);Rosado;1992;306500
VINHO FINO DE MESA (VINÍFERA);Rosado;1993;518842
VINHO FINO DE MESA (VINÍFERA);Rosado;1994;667200
VINHO FINO DE MESA (VINÍFERA);Rosado;1995;992200
VINHO FINO DE MESA (VINÍFERA);Rosado;1996;611300
VINHO FINO DE MESA (VINÍFERA);Rosado;1997;605600
VINHO FINO DE MESA (VINÍFERA);Rosado;1998;798400
VINHO FINO DE MESA (VINÍFERA);Rosado;1999;515000
VINHO FINO DE MESA (VINÍFERA);Rosado;2000;709000
VINHO FINO DE MESA (VINÍFERA);Rosado;2001;178000
VINHO FINO DE MESA (VINÍFERA);Rosado;2002;124504
VINHO FINO DE MESA (VINÍFERA);Rosado;2003;135400
VINHO FINO DE MESA (VINÍFERA);Rosado;2004;36779
VINHO FINO DE MESA (VINÍFERA);Rosado;2005;31730
VINHO FINO DE MESA (VINÍFERA);Rosado;2006;50900
VINHO FINO DE MESA (VINÍFERA);Rosado;2007;791985
VINHO FINO DE MESA (VINÍFERA);Rosado;2008;938898
VINHO FINO DE MESA (VINÍFERA);Rosado;2009;324550
VINHO FINO DE MESA (VINÍFERA);Rosado;2010;391280
VINHO FINO DE MESA (VINÍFERA);Rosado;2011;754305
VINHO FINO DE MESA (VINÍFERA);Rosado;2012;525903
VINHO FINO DE MESA (VINÍFERA);Rosado;2013;719723
VINHO FINO DE MESA (VINÍFERA);Rosado;2014;1200514
VINHO FINO DE MESA (VINÍFERA);Rosado;2015;841120
VINHO FINO DE MESA (VINÍFERA);Rosado;2016;590713
VINHO FINO DE MESA (VINÍFERA);Rosado;2017;1167258
VINHO FINO DE MESA (VINÍFERA);Rosado;2018;1291709
VINHO FINO DE MESA (VINÍFERA);Rosado;2019;2032990
VINHO FINO DE MESA (VINÍFERA);Rosado;2020;1576888
VINHO FINO DE MESA (VINÍFERA);Rosado;2021;2173750
SUCO;Suco de uva integral;1970;1097771
SUCO;Suco de uva integral;1971;2296654
SUCO;Suco de uva integral;1972;3509440
SUCO;Suco de uva integral;1973;0
SUCO;Suco de uva integral;1974;0
SUCO;Suco de uva integral;1975;0
SUCO;Suco de uva integral;1976;0
SUCO;Suco de uva integral;1977;0
SUCO;Suco de uva integral;1978;0
SUCO;Suco de uva integral;1979;0
SUCO;Suco de uva integral;1980;0
SUCO;Suco de uva integral;1981;0
SUCO;Suco de uva integral;1982;0
SUCO;Suco de uva integral;1983;0
SUCO;Suco de uva integral;1984;0
SUCO;Suco de uva integral;1985;3544706
SUCO;Suco de uva integral;1986;2116507
SUCO;Suco de uva integral;1987;2262240
SUCO;Suco de uva integral;1988;2018000
SUCO;Suco de uva integral;1989;2824600
SUCO;Suco de uva integral;1990;2848560
SUCO;Suco de uva integral;1991;3609000
SUCO;Suco de uva integral;1992;4033698
SUCO;Suco de uva integral;1993;3800800
SUCO;Suco de uva integral;1994;3884000
SUCO;Suco de uva integral;1995;4123776
SUCO;Suco de uva integral;1996;2407900
SUCO;Suco de uva integral;1997;2884969
SUCO;Suco de uva integral;1998;3904186
SUCO;Suco de uva integral;1999;4132303
SUCO;Suco de uva integral;2000;3546779
SUCO;Suco de uva integral;2001;5196430
SUCO;Suco de uva integral;2002;5505889
SUCO;Suco de uva integral;2003;1372381
SUCO;Suco de uva integral;2004;6222380
SUCO;Suco de uva integral;2005;7103175
SUCO;Suco de uva integral;2006;13946491
SUCO;Suco de uva integral;2007;10147037
SUCO;Suco de uva integral;2008;11817941
SUCO;Suco de uva integral;2009;16034003
SUCO;Suco de uva integral;2010;26887259
SUCO;Suco de uva integral;2011;39487800
SUCO;Suco de uva integral;2012;31908829
SUCO;Suco de uva integral;2013;33673396
SUCO;Suco de uva integral;2014;43331223
SUCO;Suco de uva integral;2015;52233155
SUCO;Suco de uva integral;2016;31117869
SUCO;Suco de uva integral;2017;46865626
SUCO;Suco de uva integral;2018;34367996
SUCO;Suco de uva integral;2019;50239767
SUCO;Suco de uva integral;2020;40718523
SUCO;Suco de uva integral;2021;68038479
SUCO;Suco de uva concentrado;1970;0
SUCO;Suco de uva concentrado;1971;0
SUCO;Suco de uva concentrado;1972;0
SUCO;Suco de uva concentrado;1973;0
SUCO;Suco de uva concentrado;1974;0
SUCO;Suco de uva concentrado;1975;0
SUCO;Suco de uva concentrado;1976;0
SUCO;Suco de uva concentrado;1977;0
SUCO;Suco de uva concentrado;1978;0
SUCO;Suco de uva concentrado;1979;0
SUCO;Suco de uva concentrado;1980;0
SUCO;Suco de uva concentrado;1981;0
SUCO;Suco de uva concentrado;1982;0
SUCO;Suco de uva concentrado;1983;0
SUCO;Suco de uva concentrado;1984;0
SUCO;Suco de uva concentrado;1985;3086961
SUCO;Suco de uva concentrado;1986;2197261
SUCO;Suco de uva concentrado;1987;3206776
SUCO;Suco de uva concentrado;1988;5568870
SUCO;Suco de uva concentrado;1989;4098583
SUCO;Suco de uva concentrado;1990;7574692
SUCO;Suco de uva concentrado;1991;7715462
SUCO;Suco de uva concentrado;1992;6763926
SUCO;Suco de uva concentrado;1993;8230953
SUCO;Suco de uva concentrado;1994;9459721
SUCO;Suco de uva concentrado;1995;8770183
SUCO;Suco de uva concentrado;1996;6782000
SUCO;Suco de uva concentrado;1997;10524045
SUCO;Suco de uva concentrado;1998;10000000
SUCO;Suco de uva concentrado;1999;11400000
SUCO;Suco de uva concentrado;2000;14176000
SUCO;Suco de uva concentrado;2001;12790752
SUCO;Suco de uva concentrado;2002;14722802
SUCO;Suco de uva concentrado;2003;11048364
SUCO;Suco de uva concentrado;2004;17855732
SUCO;Suco de uva concentrado;2005;19513244
SUCO;Suco de uva concentrado;2006;17414605
SUCO;Suco de uva concentrado;2007;19280709
SUCO;Suco de uva concentrado;2008;23014646
SUCO;Suco de uva concentrado;2009;23006457
SUCO;Suco de uva concentrado;2010;23238685
SUCO;Suco de uva concentrado;2011;29564324
SUCO;Suco de uva concentrado;2012;37624855
SUCO;Suco de uva concentrado;2013;31206394
SUCO;Suco de uva concentrado;2014;33392314
SUCO;Suco de uva concentrado;2015;35661313
SUCO;Suco de uva concentrado;2016;11092520
SUCO;Suco de uva concentrado;2017;30059271
SUCO;Suco de uva concentrado;2018;31099910
SUCO;Suco de uva concentrado;2019;26861009
SUCO;Suco de uva concentrado;2020;27963865
SUCO;Suco de uva concentrado;2021;32131218
SUCO;Suco de uva adoçado;1970;0
SUCO;Suco de uva adoçado;1971;0
SUCO;Suco de uva adoçado;1972;0
SUCO;Suco de uva adoçado;1973;0
SUCO;Suco de uva adoçado;1974;0
SUCO;Suco de uva adoçado;1975;0
SUCO;Suco de uva adoçado;1976;0
SUCO;Suco de uva adoçado;1977;0
SUCO;Suco de uva adoçado;1978;0
SUCO;Suco de uva adoçado;1979;0
SUCO;Suco de uva adoçado;1980;0
SUCO;Suco de uva adoçado;1981;0
SUCO;Suco de uva adoçado;1982;0
SUCO;Suco de uva adoçado;1983;0
SUCO;Suco de uva adoçado;1984;0
SUCO;Suco de uva adoçado;1985;0
SUCO;Suco de uva adoçado;1986;0
SUCO;Suco de uva adoçado;1987;0
SUCO;Suco de uva adoçado;1988;0
SUCO;Suco de uva adoçado;1989;0
SUCO;Suco de uva adoçado;1990;0
SUCO;Suco de uva adoçado;1991;0
SUCO;Suco de uva adoçado;1992;0
SUCO;Suco de uva adoçado;1993;0
SUCO;Suco de uva adoçado;1994;0
SUCO;Suco de uva adoçado;1995;0
SUCO;Suco de uva adoçado;1996;0
SUCO;Suco de uva adoçado;1997;0
SUCO;Suco de uva adoçado;1998;0
SUCO;Suco de uva adoçado;1999;0
SUCO;Suco de uva adoçado;2000;0
SUCO;Suco de uva adoçado;2001;0
SUCO;Suco de uva adoçado;2002;0
SUCO;Suco de uva adoçado;2003;0
SUCO;Suco de uva adoçado;2004;0
SUCO;Suco de uva adoçado;2005;1344177
SUCO;Suco de uva adoçado;2006;0
SUCO;Suco de uva adoçado;2007;709098
SUCO;Suco de uva adoçado;2008;815407
SUCO;Suco de uva adoçado;2009;674638
SUCO;Suco de uva adoçado;2010;0
SUCO;Suco de uva adoçado;2011;312200
SUCO;Suco de uva adoçado;2012;533048
SUCO;Suco de uva adoçado;2013;0
SUCO;Suco de uva adoçado;2014;0
SUCO;Suco de uva adoçado;2015;0
SUCO;Suco de uva adoçado;2016;0
SUCO;Suco de uva adoçado;2017;177774
SUCO;Suco de uva adoçado;2018;0
SUCO;Suco de uva adoçado;2019;120320
SUCO;Suco de uva adoçado;2020;107289
SUCO;Suco de uva adoçado;2021;40450
SUCO;Suco de uva orgânico;1970;0
SUCO;Suco de uva orgânico;1971;0
SUCO;Suco de uva orgânico;1972;0
SUCO;Suco de uva orgânico;1973;0
SUCO;Suco de uva orgânico;1974;0
SUCO;Suco de uva orgânico;1975;0
SUCO;Suco de uva orgânico;1976;0
SUCO;Suco de uva orgânico;1977;0
SUCO;Suco de uva orgânico;1978;0
SUCO;Suco de uva orgânico;1979;0
SUCO;Suco de uva orgânico;1980;0
SUCO;Suco de uva orgânico;1981;0
SUCO;Suco de uva orgânico;1982;0
SUCO;Suco de uva orgânico;1983;0
SUCO;Suco de uva orgânico;1984;0
SUCO;Suco de uva orgânico;1985;0
SUCO;Suco de uva orgânico;1986;0
SUCO;Suco de uva orgânico;1987;0
SUCO;Suco de uva orgânico;1988;0
SUCO;Suco de uva orgânico;1989;0
SUCO;Suco de uva orgânico;1990;0
SUCO;Suco de uva orgânico;1991;0
SUCO;Suco de uva orgânico;1992;0
SUCO;Suco de uva orgânico;1993;0
SUCO;Suco de uva orgânico;1994;0
SUCO;Suco de uva orgânico;1995;0
SUCO;Suco de uva orgânico;1996;0
SUCO;Suco de uva orgânico;1997;0
SUCO;Suco de uva orgânico;1998;0
SUCO;Suco de uva orgânico;1999;0
SUCO;Suco de uva orgânico;2000;0
SUCO;Suco de uva orgânico;2001;0
SUCO;Suco de uva orgânico;2002;0
SUCO;Suco de uva orgânico;2003;0
SUCO;Suco de uva orgânico;2004;0
SUCO;Suco de uva orgânico;2005;0
SUCO;Suco de uva orgânico;2006;0
SUCO;Suco de uva orgânico;2007;0
SUCO;Suco de uva orgânico;2008;0
SUCO;Suco de uva orgânico;2009;0
SUCO;Suco de uva orgânico;2010;0
SUCO;Suco de uva orgânico;2011;0
SUCO;Suco de uva orgânico;2012;0
SUCO;Suco de uva orgânico;2013;0
SUCO;Suco de uva orgânico;2014;0
SUCO;Suco de uva orgânico;2015;0
SUCO;Suco de uva orgânico;2016;0
SUCO;Suco de uva orgânico;2017;0
SUCO;Suco de uva orgânico;2018;0
SUCO;Suco de uva orgânico;2019;0
SUCO;Suco de uva orgânico;2020;471610
SUCO;Suco de uva orgânico;2021;722117
SUCO;Suco de uva reconstituído;1970;0
SUCO;Suco de uva reconstituído;1971;0
SUCO;Suco de uva reconstituído;1972;0
SUCO;Suco de uva reconstituído;1973;0
SUCO;Suco de uva reconstituído;1974;0
SUCO;Suco de uva reconstituído;1975;0
SUCO;Suco de uva reconstituído;1976;0
SUCO;Suco de uva reconstituído;1977;0
SUCO;Suco de uva reconstituído;1978;0
SUCO;Suco de uva reconstituído;1979;0
SUCO;Suco de uva reconstituído;1980;0
SUCO;Suco de uva reconstituído;1981;0
SUCO;Suco de uva reconstituído;1982;0
SUCO;Suco de uva reconstituído;1983;0
SUCO;Suco de uva reconstituído;1984;0
SUCO;Suco de uva reconstituído;1985;0
SUCO;Suco de uva reconstituído;1986;0
SUCO;Suco de uva reconstituído;1987;0
SUCO;Suco de uva reconstituído;1988;0
SUCO;Suco de uva reconstituído;1989;0
SUCO;Suco de uva reconstituído;1990;0
SUCO;Suco de uva reconstituído;1991;0
SUCO;Suco de uva reconstituído;1992;0
SUCO;Suco de uva reconstituído;1993;0
SUCO;Suco de uva reconstituído;1994;0
SUCO;Suco de uva reconstituído;1995;0
SUCO;Suco de uva reconstituído;1996;0
SUCO;Suco de uva reconstituído;1997;0
SUCO;Suco de uva reconstituído;1998;0
SUCO;Suco de uva reconstituído;1999;0
SUCO;Suco de uva reconstituído;2000;0
SUCO;Suco de uva reconstituído;2001;0
SUCO;Suco de uva reconstituído;2002;0
SUCO;Suco de uva reconstituído;2003;0
SUCO;Suco de uva reconstituído;2004;0
SUCO;Suco de uva reconstituído;2005;0
SUCO;Suco de uva reconstituído;2006;0
SUCO;Suco de uva reconstituído;2007;0
SUCO;Suco de uva reconstituído;2008;0
SUCO;Suco de uva reconstituído;2009;0
SUCO;Suco de uva reconstituído;2010;0
SUCO;Suco de uva reconstituído;2011;0
SUCO;Suco de uva reconstituído;2012;0
SUCO;Suco de uva reconstituído;2013;0
SUCO;Suco de uva reconstituído;2014;0
SUCO;Suco de uva reconstituído;2015;0
SUCO;Suco de uva reconstituído;2016;0
SUCO;Suco de uva reconstituído;2017;59300
SUCO;Suco de uva reconstituído;2018;0
SUCO;Suco de uva reconstituído;2019;584256
SUCO;Suco de uva reconstituído;2020;0
SUCO;Suco de uva reconstituído;2021;0
DERIVADOS;Espumante;1970;0
DERIVADOS;Espumante;1971;0
DERIVADOS;Espumante;1972;0
DERIVADOS;Espumante;1973;0
DERIVADOS;Espumante;1974;0
DERIVADOS;Espumante;1975;0
DERIVADOS;Espumante;1976;0
DERIVADOS;Espumante;1977;0
DERIVADOS;Espumante;1978;0
DERIVADOS;Espumante;1979;0
DERIVADOS;Espumante;1980;0
DERIVADOS;Espumante;1981;0
DERIVADOS;Espumante;1982;0
DERIVADOS;Espumante;1983;0
DERIVADOS;Espumante;1984;0
DERIVADOS;Espumante;1985;0
DERIVADOS;Espumante;1986;0
DERIVADOS;Espumante;1987;0
DERIVADOS;Espumante;1988;76000
DERIVADOS;Espumante;1989;0
DERIVADOS;Espumante;1990;0
DERIVADOS;Espumante;1991;0
DERIVADOS;Espumante;1992;11000
DERIVADOS;Espumante;1993;0
DERIVADOS;Espumante;1994;0
DERIVADOS;Espumante;1995;0
DERIVADOS;Espumante;1996;0
DERIVADOS;Espumante;1997;0
DERIVADOS;Espumante;1998;0
DERIVADOS;Espumante;1999;6900
DERIVADOS;Espumante;2000;71410
DERIVADOS;Espumante;2001;0
DERIVADOS;Espumante;2002;0
DERIVADOS;Espumante;2003;0
DERIVADOS;Espumante;2004;3999
DERIVADOS;Espumante;2005;1920
DERIVADOS;Espumante;2006;26600
DERIVADOS;Espumante;2007;0
DERIVADOS;Espumante;2008;88690
DERIVADOS;Espumante;2009;0
DERIVADOS;Espumante;2010;10125
DERIVADOS;Espumante;2011;26361
DERIVADOS;Espumante;2012;17200
DERIVADOS;Espumante;2013;30275
DERIVADOS;Espumante;2014;2700
DERIVADOS;Espumante;2015;23750
DERIVADOS;Espumante;2016;1500
DERIVADOS;Espumante;2017;11280
DERIVADOS;Espumante;2018;68500
DERIVADOS;Espumante;2019;52176
DERIVADOS;Espumante;2020;32399
DERIVADOS;Espumante;2021;70091
DERIVADOS;Espumante moscatel;1970;0
DERIVADOS;Espumante moscatel;1971;0
DERIVADOS;Espumante moscatel;1972;0
DERIVADOS;Espumante moscatel;1973;0
DERIVADOS;Espumante moscatel;1974;0
DERIVADOS;Espumante moscatel;1975;0
DERIVADOS;Espumante moscatel;1976;0
DERIVADOS;Espumante moscatel;1977;0
DERIVADOS;Espumante moscatel;1978;0
DERIVADOS;Espumante moscatel;1979;0
DERIVADOS;Espumante moscatel;1980;0
DERIVADOS;Espumante moscatel;1981;0
DERIVADOS;Espumante moscatel;1982;0
DERIVADOS;Espumante moscatel;1983;0
DERIVADOS;Espumante moscatel;1984;0
DERIVADOS;Espumante moscatel;1985;0
DERIVADOS;Espumante moscatel;1986;0
DERIVADOS;Espumante moscatel;1987;0
DERIVADOS;Espumante moscatel;1988;0
DERIVADOS;Espumante moscatel;1989;0
DERIVADOS;Espumante moscatel;1990;0
DERIVADOS;Espumante moscatel;1991;0
DERIVADOS;Espumante moscatel;1992;0
DERIVADOS;Espumante moscatel;1993;0
DERIVADOS;Espumante moscatel;1994;0
DERIVADOS;Espumante moscatel;1995;0
DERIVADOS;Espumante moscatel;1996;0
DERIVADOS;Espumante moscatel;1997;0
DERIVADOS;Espumante moscatel;1998;0
DERIVADOS;Espumante moscatel;1999;0
DERIVADOS;Espumante moscatel;2000;0
DERIVADOS;Espumante moscatel;2001;276099
DERIVADOS;Espumante moscatel;2002;0
DERIVADOS;Espumante moscatel;2003;147600
DERIVADOS;Espumante moscatel;2004;204000
DERIVADOS;Espumante moscatel;2005;514480
DERIVADOS;Espumante moscatel;2006;320514
DERIVADOS;Espumante moscatel;2007;589332
DERIVADOS;Espumante moscatel;2008;1113462
DERIVADOS;Espumante moscatel;2009;1190500
DERIVADOS;Espumante moscatel;2010;703393
DERIVADOS;Espumante moscatel;2011;219100
DERIVADOS;Espumante moscatel;2012;139775
DERIVADOS;Espumante moscatel;2013;159781
DERIVADOS;Espumante moscatel;2014;100000
DERIVADOS;Espumante moscatel;2015;110100
DERIVADOS;Espumante moscatel;2016;100000
DERIVADOS;Espumante moscatel;2017;152375
DERIVADOS;Espumante moscatel;2018;326200
DERIVADOS;Espumante moscatel;2019;515800
DERIVADOS;Espumante moscatel;2020;689139
DERIVADOS;Espumante moscatel;2021;11950
DERIVADOS;Base espumante;1970;0
DERIVADOS;Base espumante;1971;0
DERIVADOS;Base espumante;1972;0
DERIVADOS;Base espumante;1973;0
DERIVADOS;Base espumante;1974;0
DERIVADOS;Base espumante;1975;0
DERIVADOS;Base espumante;1976;0
DERIVADOS;Base espumante;1977;0
DERIVADOS;Base espumante;1978;0
DERIVADOS;Base espumante;1979;0
DERIVADOS;Base espumante;1980;0
DERIVADOS;Base espumante;1981;0
DERIVADOS;Base espumante;1982;0
DERIVADOS;Base espumante;1983;0
DERIVADOS;Base espumante;1984;0
DERIVADOS;Base espumante;1985;0
DERIVADOS;Base espumante;1986;0
DERIVADOS;Base espumante;1987;0
DERIVADOS;Base espumante;1988;0
DERIVADOS;Base espumante;1989;0
DERIVADOS;Base espumante;1990;0
DERIVADOS;Base espumante;1991;0
DERIVADOS;Base espumante;1992;0
DERIVADOS;Base espumante;1993;0
DERIVADOS;Base espumante;1994;0
DERIVADOS;Base espumante;1995;0
DERIVADOS;Base espumante;1996;0
DERIVADOS;Base espumante;1997;0
DERIVADOS;Base espumante;1998;0
DERIVADOS;Base espumante;1999;0
DERIVADOS;Base espumante;2000;0
DERIVADOS;Base espumante;2001;0
DERIVADOS;Base espumante;2002;0
DERIVADOS;Base espumante;2003;0
DERIVADOS;Base espumante;2004;0
DERIVADOS;Base espumante;2005;239000
DERIVADOS;Base espumante;2006;0
DERIVADOS;Base espumante;2007;78250
DERIVADOS;Base espumante;2008;220120
DERIVADOS;Base espumante;2009;335850
DERIVADOS;Base espumante;2010;0
DERIVADOS;Base espumante;2011;0
DERIVADOS;Base espumante;2012;0
DERIVADOS;Base espumante;2013;0
DERIVADOS;Base espumante;2014;0
DERIVADOS;Base espumante;2015;0
DERIVADOS;Base espumante;2016;0
DERIVADOS;Base espumante;2017;0
DERIVADOS;Base espumante;2018;0
DERIVADOS;Base espumante;2019;0
DERIVADOS;Base espumante;2020;0
DERIVADOS;Base espumante;2021;5475049
DERIVADOS;Base espumante moscatel;1970;0
DERIVADOS;Base espumante moscatel;1971;0
DERIVADOS;Base espumante moscatel;1972;0
DERIVADOS;Base espumante moscatel;1973;0
DERIVADOS;Base espumante moscatel;1974;0
DERIVADOS;Base espumante moscatel;1975;0
DERIVADOS;Base espumante moscatel;1976;0
DERIVADOS;Base espumante moscatel;1977;0
DERIVADOS;Base espumante moscatel;1978;0
DERIVADOS;Base espumante moscatel;1979;0
DERIVADOS;Base espumante moscatel;1980;0
DERIVADOS;Base espumante moscatel;1981;0
DERIVADOS;Base espumante moscatel;1982;0
DERIVADOS;Base espumante moscatel;1983;0
DERIVADOS;Base espumante moscatel;1984;0
DERIVADOS;Base espumante moscatel;1985;0
DERIVADOS;Base espumante moscatel;1986;0
DERIVADOS;Base espumante moscatel;1987;0
DERIVADOS;Base espumante moscatel;1988;0
DERIVADOS;Base espumante moscatel;1989;0
DERIVADOS;Base espumante moscatel;1990;0
DERIVADOS;Base espumante moscatel;1991;0
DERIVADOS;Base espumante moscatel;1992;0
DERIVADOS;Base espumante moscatel;1993;0
DERIVADOS;Base espumante moscatel;1994;0
DERIVADOS;Base espumante moscatel;1995;0
DERIVADOS;Base espumante moscatel;1996;0
DERIVADOS;Base espumante moscatel;1997;0
DERIVADOS;Base espumante moscatel;1998;0
DERIVADOS;Base espumante moscatel;1999;0
DERIVADOS;Base espumante moscatel;2000;0
DERIVADOS;Base espumante moscatel;2001;0
DERIVADOS;Base espumante moscatel;2002;0
DERIVADOS;Base espumante moscatel;2003;0
DERIVADOS;Base espumante moscatel;2004;98900
DERIVADOS;Base espumante moscatel;2005;212400
DERIVADOS;Base espumante moscatel;2006;362589
DERIVADOS;Base espumante moscatel;2007;111200
DERIVADOS;Base espumante moscatel;2008;474721
DERIVADOS;Base espumante moscatel;2009;442150
DERIVADOS;Base espumante moscatel;2010;1144508
DERIVADOS;Base espumante moscatel;2011;2749540
DERIVADOS;Base espumante moscatel;2012;2798908
DERIVADOS;Base espumante moscatel;2013;1470700
DERIVADOS;Base espumante moscatel;2014;1808044
DERIVADOS;Base espumante moscatel;2015;1607727
DERIVADOS;Base espumante moscatel;2016;1325700
DERIVADOS;Base espumante moscatel;2017;1965629
DERIVADOS;Base espumante moscatel;2018;1320650
DERIVADOS;Base espumante moscatel;2019;1962443
DERIVADOS;Base espumante moscatel;2020;3006705
DERIVADOS;Base espumante moscatel;2021;5549471
DERIVADOS;Base Champenoise champanha;1970;0
DERIVADOS;Base Champenoise champanha;1971;0
DERIVADOS;Base Champenoise champanha;1972;0
DERIVADOS;Base Champenoise champanha;1973;0
DERIVADOS;Base Champenoise champanha;1974;0
DERIVADOS;Base Champenoise champanha;1975;0
DERIVADOS;Base Champenoise champanha;1976;0
DERIVADOS;Base Champenoise champanha;1977;0
DERIVADOS;Base Champenoise champanha;1978;0
DERIVADOS;Base Champenoise champanha;1979;0
DERIVADOS;Base Champenoise champanha;1980;0
DERIVADOS;Base Champenoise champanha;1981;0
DERIVADOS;Base Champenoise champanha;1982;0
DERIVADOS;Base Champenoise champanha;1983;0
DERIVADOS;Base Champenoise champanha;1984;0
DERIVADOS;Base Champenoise champanha;1985;0
DERIVADOS;Base Champenoise champanha;1986;0
DERIVADOS;Base Champenoise champanha;1987;0
DERIVADOS;Base Champenoise champanha;1988;0
DERIVADOS;Base Champenoise champanha;1989;0
DERIVADOS;Base Champenoise champanha;1990;0
DERIVADOS;Base Champenoise champanha;1991;0
DERIVADOS;Base Champenoise champanha;1992;0
DERIVADOS;Base Champenoise champanha;1993;0
DERIVADOS;Base Champenoise champanha;1994;0
DERIVADOS;Base Champenoise champanha;1995;0
DERIVADOS;Base Champenoise champanha;1996;0
DERIVADOS;Base Champenoise champanha;1997;0
DERIVADOS;Base Champenoise champanha;1998;0
DERIVADOS;Base Champenoise champanha;1999;0
DERIVADOS;Base Champenoise champanha;2000;0
DERIVADOS;Base Champenoise champanha;2001;0
DERIVADOS;Base Champenoise champanha;2002;0
DERIVADOS;Base Champenoise champanha;2003;0
DERIVADOS;Base Champenoise champanha;2004;0
DERIVADOS;Base Champenoise champanha;2005;0
DERIVADOS;Base Champenoise champanha;2006;0
DERIVADOS;Base Champenoise champanha;2007;0
DERIVADOS;Base Champenoise champanha;2008;0
DERIVADOS;Base Champenoise champanha;2009;0
DERIVADOS;Base Champenoise champanha;2010;92082
DERIVADOS;Base Champenoise champanha;2011;74746
DERIVADOS;Base Champenoise champanha;2012;369278
DERIVADOS;Base Champenoise champanha;2013;359617
DERIVADOS;Base Champenoise champanha;2014;234725
DERIVADOS;Base Champenoise champanha;2015;605001
DERIVADOS;Base Champenoise champanha;2016;740395
DERIVADOS;Base Champenoise champanha;2017;1552403
DERIVADOS;Base Champenoise champanha;2018;228518
DERIVADOS;Base Champenoise champanha;2019;274903
DERIVADOS;Base Champenoise champanha;2020;200777
DERIVADOS;Base Champenoise champanha;2021;0
DERIVADOS;Base Charmat champanha;1970;0
DERIVADOS;Base Charmat champanha;1971;0
DERIVADOS;Base Charmat champanha;1972;0
DERIVADOS;Base Charmat champanha;1973;0
DERIVADOS;Base Charmat champanha;1974;0
DERIVADOS;Base Charmat champanha;1975;0
DERIVADOS;Base Charmat champanha;1976;0
DERIVADOS;Base Charmat champanha;1977;0
DERIVADOS;Base Charmat champanha;1978;0
DERIVADOS;Base Charmat champanha;1979;0
DERIVADOS;Base Charmat champanha;1980;0
DERIVADOS;Base Charmat champanha;1981;0
DERIVADOS;Base Charmat champanha;1982;0
DERIVADOS;Base Charmat champanha;1983;0
DERIVADOS;Base Charmat champanha;1984;0
DERIVADOS;Base Charmat champanha;1985;0
DERIVADOS;Base Charmat champanha;1986;0
DERIVADOS;Base Charmat champanha;1987;0
DERIVADOS;Base Charmat champanha;1988;0
DERIVADOS;Base Charmat champanha;1989;0
DERIVADOS;Base Charmat champanha;1990;0
DERIVADOS;Base Charmat champanha;1991;0
DERIVADOS;Base Charmat champanha;1992;0
DERIVADOS;Base Charmat champanha;1993;0
DERIVADOS;Base Charmat champanha;1994;0
DERIVADOS;Base Charmat champanha;1995;0
DERIVADOS;Base Charmat champanha;1996;0
DERIVADOS;Base Charmat champanha;1997;0
DERIVADOS;Base Charmat champanha;1998;0
DERIVADOS;Base Charmat champanha;1999;0
DERIVADOS;Base Charmat champanha;2000;0
DERIVADOS;Base Charmat champanha;2001;0
DERIVADOS;Base Charmat champanha;2002;0
DERIVADOS;Base Charmat champanha;2003;0
DERIVADOS;Base Charmat champanha;2004;0
DERIVADOS;Base Charmat champanha;2005;0
DERIVADOS;Base Charmat champanha;2006;0
DERIVADOS;Base Charmat champanha;2007;0
DERIVADOS;Base Charmat champanha;2008;0
DERIVADOS;Base Charmat champanha;2009;0
DERIVADOS;Base Charmat champanha;2010;254000
DERIVADOS;Base Charmat champanha;2011;865858
DERIVADOS;Base Charmat champanha;2012;479625
DERIVADOS;Base Charmat champanha;2013;624728
DERIVADOS;Base Charmat champanha;2014;376968
DERIVADOS;Base Charmat champanha;2015;1466259
DERIVADOS;Base Charmat champanha;2016;250280
DERIVADOS;Base Charmat champanha;2017;893364
DERIVADOS;Base Charmat champanha;2018;1746540
DERIVADOS;Base Charmat champanha;2019;1188095
DERIVADOS;Base Charmat champanha;2020;2487939
DERIVADOS;Base Charmat champanha;2021;0
DERIVADOS;Bebida de uva;1970;0
DERIVADOS;Bebida de uva;1971;0
DERIVADOS;Bebida de uva;1972;0
DERIVADOS;Bebida de uva;1973;0
DERIVADOS;Bebida de uva;1974;0
DERIVADOS;Bebida de uva;1975;0
DERIVADOS;Bebida de uva;1976;0
DERIVADOS;Bebida de uva;1977;0
DERIVADOS;Bebida de uva;1978;0
DERIVADOS;Bebida de uva;1979;0
DERIVADOS;Bebida de uva;1980;0
DERIVADOS;Bebida de uva;1981;0
DERIVADOS;Bebida de uva;1982;0
DERIVADOS;Bebida de uva;1983;0
DERIVADOS;Bebida de uva;1984;0
DERIVADOS;Bebida de uva;1985;0
DERIVADOS;Bebida de uva;1986;0
DERIVADOS;Bebida de uva;1987;0
DERIVADOS;Bebida de uva;1988;0
DERIVADOS;Bebida de uva;1989;0
DERIVADOS;Bebida de uva;1990;0
DERIVADOS;Bebida de uva;1991;0
DERIVADOS;Bebida de uva;1992;0
DERIVADOS;Bebida de uva;1993;0
DERIVADOS;Bebida de uva;1994;0
DERIVADOS;Bebida de uva;1995;0
DERIVADOS;Bebida de uva;1996;0
DERIVADOS;Bebida de uva;1997;0
DERIVADOS;Bebida de uva;1998;0
DERIVADOS;Bebida de uva;1999;0
DERIVADOS;Bebida de uva;2000;0
DERIVADOS;Bebida de uva;2001;0
DERIVADOS;Bebida de uva;2002;0
DERIVADOS;Bebida de uva;2003;0
DERIVADOS;Bebida de uva;2004;0
DERIVADOS;Bebida de uva;2005;0
DERIVADOS;Bebida de uva;2006;0
DERIVADOS;Bebida de uva;2007;0
DERIVADOS;Bebida de uva;2008;1082700
DERIVADOS;Bebida de uva;2009;420
DERIVADOS;Bebida de uva;2010;7900
DERIVADOS;Bebida de uva;2011;0
DERIVADOS;Bebida de uva;2012;0
DERIVADOS;Bebida de uva;2013;4260
DERIVADOS;Bebida de uva;2014;3860
DERIVADOS;Bebida de uva;2015;922
DERIVADOS;Bebida de uva;2016;3474
DERIVADOS;Bebida de uva;2017;0
DERIVADOS;Bebida de uva;2018;0
DERIVADOS;Bebida de uva;2019;0
DERIVADOS;Bebida de uva;2020;0
DERIVADOS;Bebida de uva;2021;2000
DERIVADOS;Polpa de uva;1970;0
DERIVADOS;Polpa de uva;1971;0
DERIVADOS;Polpa de uva;1972;0
DERIVADOS;Polpa de uva;1973;0
DERIVADOS;Polpa de uva;1974;0
DERIVADOS;Polpa de uva;1975;0
DERIVADOS;Polpa de uva;1976;0
DERIVADOS;Polpa de uva;1977;0
DERIVADOS;Polpa de uva;1978;0
DERIVADOS;Polpa de uva;1979;0
DERIVADOS;Polpa de uva;1980;0
DERIVADOS;Polpa de uva;1981;0
DERIVADOS;Polpa de uva;1982;0
DERIVADOS;Polpa de uva;1983;0
DERIVADOS;Polpa de uva;1984;0
DERIVADOS;Polpa de uva;1985;0
DERIVADOS;Polpa de uva;1986;0
DERIVADOS;Polpa de uva;1987;0
DERIVADOS;Polpa de uva;1988;0
DERIVADOS;Polpa de uva;1989;0
DERIVADOS;Polpa de uva;1990;0
DERIVADOS;Polpa de uva;1991;0
DERIVADOS;Polpa de uva;1992;0
DERIVADOS;Polpa de uva;1993;0
DERIVADOS;Polpa de uva;1994;0
DERIVADOS;Polpa de uva;1995;0
DERIVADOS;Polpa de uva;1996;0
DERIVADOS;Polpa de uva;1997;0
DERIVADOS;Polpa de uva;1998;0
DERIVADOS;Polpa de uva;1999;0
DERIVADOS;Polpa de uva;2000;0
DERIVADOS;Polpa de uva;2001;0
DERIVADOS;Polpa de uva;2002;0
DERIVADOS;Polpa de uva;2003;0
DERIVADOS;Polpa de uva;2004;890562
DERIVADOS;Polpa de uva;2005;1350672
DERIVADOS;Polpa de uva;2006;1006000
DERIVADOS;Polpa de uva;2007;1083202
DERIVADOS;Polpa de uva;2008;1188260
DERIVADOS;Polpa de uva;2009;1352417
DERIVADOS;Polpa de uva;2010;1951606
DERIVADOS;Polpa de uva;2011;2480120
DERIVADOS;Polpa de uva;2012;2797665
DERIVADOS;Polpa de uva;2013;1742152
DERIVADOS;Polpa de uva;2014;2484000
DERIVADOS;Polpa de uva;2015;2371140
DERIVADOS;Polpa de uva;2016;1620430
DERIVADOS;Polpa de uva;2017;2507125
DERIVADOS;Polpa de uva;2018;2112683
DERIVADOS;Polpa de uva;2019;1480269
DERIVADOS;Polpa de uva;2020;1803472
DERIVADOS;Polpa de uva;2021;1180578
DERIVADOS;Mosto simples;1970;7170736
DERIVADOS;Mosto simples;1971;7646774
DERIVADOS;Mosto simples;1972;6051822
DERIVADOS;Mosto simples;1973;21779327
DERIVADOS;Mosto simples;1974;41346735
DERIVADOS;Mosto simples;1975;48185206
DERIVADOS;Mosto simples;1976;18220527
DERIVADOS;Mosto simples;1977;22097156
DERIVADOS;Mosto simples;1978;40052456
DERIVADOS;Mosto simples;1979;34318456
DERIVADOS;Mosto simples;1980;37553414
DERIVADOS;Mosto simples;1981;48762185
DERIVADOS;Mosto simples;1982;37506770
DERIVADOS;Mosto simples;1983;27314628
DERIVADOS;Mosto simples;1984;17331744
DERIVADOS;Mosto simples;1985;10637557
DERIVADOS;Mosto simples;1986;7031320
DERIVADOS;Mosto simples;1987;7821040
DERIVADOS;Mosto simples;1988;16544460
DERIVADOS;Mosto simples;1989;8141100
DERIVADOS;Mosto simples;1990;13307690
DERIVADOS;Mosto simples;1991;17407568
DERIVADOS;Mosto simples;1992;27491540
DERIVADOS;Mosto simples;1993;17218000
DERIVADOS;Mosto simples;1994;10972700
DERIVADOS;Mosto simples;1995;20917600
DERIVADOS;Mosto simples;1996;12111372
DERIVADOS;Mosto simples;1997;19066000
DERIVADOS;Mosto simples;1998;11046570
DERIVADOS;Mosto simples;1999;14359734
DERIVADOS;Mosto simples;2000;16192018
DERIVADOS;Mosto simples;2001;6977231
DERIVADOS;Mosto simples;2002;12875000
DERIVADOS;Mosto simples;2003;13172480
DERIVADOS;Mosto simples;2004;26067525
DERIVADOS;Mosto simples;2005;22429791
DERIVADOS;Mosto simples;2006;25903812
DERIVADOS;Mosto simples;2007;37558010
DERIVADOS;Mosto simples;2008;53683415
DERIVADOS;Mosto simples;2009;53418555
DERIVADOS;Mosto simples;2010;45912040
DERIVADOS;Mosto simples;2011;77285998
DERIVADOS;Mosto simples;2012;93341575
DERIVADOS;Mosto simples;2013;58517506
DERIVADOS;Mosto simples;2014;57582195
DERIVADOS;Mosto simples;2015;100911592
DERIVADOS;Mosto simples;2016;49770993
DERIVADOS;Mosto simples;2017;101010116
DERIVADOS;Mosto simples;2018;88910980
DERIVADOS;Mosto simples;2019;135614344
DERIVADOS;Mosto simples;2020;80355474
DERIVADOS;Mosto simples;2021;153579926
DERIVADOS;Mosto concentrado;1970;0
DERIVADOS;Mosto concentrado;1971;0
DERIVADOS;Mosto concentrado;1972;0
DERIVADOS;Mosto concentrado;1973;0
DERIVADOS;Mosto concentrado;1974;0
DERIVADOS;Mosto concentrado;1975;0
DERIVADOS;Mosto concentrado;1976;0
DERIVADOS;Mosto concentrado;1977;0
DERIVADOS;Mosto concentrado;1978;0
DERIVADOS;Mosto concentrado;1979;0
DERIVADOS;Mosto concentrado;1980;0
DERIVADOS;Mosto concentrado;1981;0
DERIVADOS;Mosto concentrado;1982;0
DERIVADOS;Mosto concentrado;1983;0
DERIVADOS;Mosto concentrado;1984;0
DERIVADOS;Mosto concentrado;1985;354707
DERIVADOS;Mosto concentrado;1986;295800
DERIVADOS;Mosto concentrado;1987;400500
DERIVADOS;Mosto concentrado;1988;384200
DERIVADOS;Mosto concentrado;1989;732470
DERIVADOS;Mosto concentrado;1990;1098250
DERIVADOS;Mosto concentrado;1991;921400
DERIVADOS;Mosto concentrado;1992;288900
DERIVADOS;Mosto concentrado;1993;355100
DERIVADOS;Mosto concentrado;1994;335500
DERIVADOS;Mosto concentrado;1995;265000
DERIVADOS;Mosto concentrado;1996;292000
DERIVADOS;Mosto concentrado;1997;490000
DERIVADOS;Mosto concentrado;1998;381000
DERIVADOS;Mosto concentrado;1999;411354
DERIVADOS;Mosto concentrado;2000;0
DERIVADOS;Mosto concentrado;2001;0
DERIVADOS;Mosto concentrado;2002;0
DERIVADOS;Mosto concentrado;2003;0
DERIVADOS;Mosto concentrado;2004;0
DERIVADOS;Mosto concentrado;2005;83116
DERIVADOS;Mosto concentrado;2006;0
DERIVADOS;Mosto concentrado;2007;110000
DERIVADOS;Mosto concentrado;2008;0
DERIVADOS;Mosto concentrado;2009;0
DERIVADOS;Mosto concentrado;2010;0
DERIVADOS;Mosto concentrado;2011;0
DERIVADOS;Mosto concentrado;2012;0
DERIVADOS;Mosto concentrado;2013;0
DERIVADOS;Mosto concentrado;2014;0
DERIVADOS;Mosto concentrado;2015;0
DERIVADOS;Mosto concentrado;2016;0
DERIVADOS;Mosto concentrado;2017;0
DERIVADOS;Mosto concentrado;2018;0
DERIVADOS;Mosto concentrado;2019;0
DERIVADOS;Mosto concentrado;2020;0
DERIVADOS;Mosto concentrado;2021;0
DERIVADOS;Mosto de uva com bagaço;1970;0
DERIVADOS;Mosto de uva com bagaço;1971;0
DERIVADOS;Mosto de uva com bagaço;1972;0
DERIVADOS;Mosto de uva com bagaço;1973;0
DERIVADOS;Mosto de uva com bagaço;1974;0
DERIVADOS;Mosto de uva com bagaço;1975;0
DERIVADOS;Mosto de uva com bagaço;1976;0
DERIVADOS;Mosto de uva com bagaço;1977;0
DERIVADOS;Mosto de uva com bagaço;1978;0
DERIVADOS;Mosto de uva com bagaço;1979;0
DERIVADOS;Mosto de uva com bagaço;1980;0
DERIVADOS;Mosto de uva com bagaço;1981;0
DERIVADOS;Mosto de uva com bagaço;1982;0
DERIVADOS;Mosto de uva com bagaço;1983;0
DERIVADOS;Mosto de uva com bagaço;1984;0
DERIVADOS;Mosto de uva com bagaço;1985;0
DERIVADOS;Mosto de uva com bagaço;1986;0
DERIVADOS;Mosto de uva com bagaço;1987;0
DERIVADOS;Mosto de uva com bagaço;1988;0
DERIVADOS;Mosto de uva com bagaço;1989;0
DERIVADOS;Mosto de uva com bagaço;1990;0
DERIVADOS;Mosto de uva com bagaço;1991;0
DERIVADOS;Mosto de uva com bagaço;1992;0
DERIVADOS;Mosto de uva com bagaço;1993;0
DERIVADOS;Mosto de uva com bagaço;1994;0
DERIVADOS;Mosto de uva com bagaço;1995;0
DERIVADOS;Mosto de uva com bagaço;1996;0
DERIVADOS;Mosto de uva com bagaço;1997;0
DERIVADOS;Mosto de uva com bagaço;1998;0
DERIVADOS;Mosto de uva com bagaço;1999;0
DERIVADOS;Mosto de uva com bagaço;2000;0
DERIVADOS;Mosto de uva com bagaço;2001;0
DERIVADOS;Mosto de uva com bagaço;2002;0
DERIVADOS;Mosto de uva com bagaço;2003;0
DERIVADOS;Mosto de uva com bagaço;2004;0
DERIVADOS;Mosto de uva com bagaço;2005;0
DERIVADOS;Mosto de uva com bagaço;2006;0
DERIVADOS;Mosto de uva com bagaço;2007;0
DERIVADOS;Mosto de uva com bagaço;2008;0
DERIVADOS;Mosto de uva com bagaço;2009;0
DERIVADOS;Mosto de uva com bagaço;2010;0
DERIVADOS;Mosto de uva com bagaço;2011;1037600
DERIVADOS;Mosto de uva com bagaço;2012;0
DERIVADOS;Mosto de uva com bagaço;2013;0
DERIVADOS;Mosto de uva com bagaço;2014;0
DERIVADOS;Mosto de uva com bagaço;2015;0
DERIVADOS;Mosto de uva com bagaço;2016;0
DERIVADOS;Mosto de uva com bagaço;2017;772110
DERIVADOS;Mosto de uva com bagaço;2018;0
DERIVADOS;Mosto de uva com bagaço;2019;645816
DERIVADOS;Mosto de uva com bagaço;2020;3078256
DERIVADOS;Mosto de uva com bagaço;2021;618764
DERIVADOS;Mosto dessulfitado;1970;0
DERIVADOS;Mosto dessulfitado;1971;0
DERIVADOS;Mosto dessulfitado;1972;0
DERIVADOS;Mosto dessulfitado;1973;0
DERIVADOS;Mosto dessulfitado;1974;0
DERIVADOS;Mosto dessulfitado;1975;0
DERIVADOS;Mosto dessulfitado;1976;0
DERIVADOS;Mosto dessulfitado;1977;0
DERIVADOS;Mosto dessulfitado;1978;0
DERIVADOS;Mosto dessulfitado;1979;0
DERIVADOS;Mosto dessulfitado;1980;0
DERIVADOS;Mosto dessulfitado;1981;0
DERIVADOS;Mosto dessulfitado;1982;0
DERIVADOS;Mosto dessulfitado;1983;0
DERIVADOS;Mosto dessulfitado;1984;0
DERIVADOS;Mosto dessulfitado;1985;0
DERIVADOS;Mosto dessulfitado;1986;0
DERIVADOS;Mosto dessulfitado;1987;0
DERIVADOS;Mosto dessulfitado;1988;0
DERIVADOS;Mosto dessulfitado;1989;0
DERIVADOS;Mosto dessulfitado;1990;0
DERIVADOS;Mosto dessulfitado;1991;0
DERIVADOS;Mosto dessulfitado;1992;0
DERIVADOS;Mosto dessulfitado;1993;0
DERIVADOS;Mosto dessulfitado;1994;0
DERIVADOS;Mosto dessulfitado;1995;0
DERIVADOS;Mosto dessulfitado;1996;0
DERIVADOS;Mosto dessulfitado;1997;0
DERIVADOS;Mosto dessulfitado;1998;0
DERIVADOS;Mosto dessulfitado;1999;0
DERIVADOS;Mosto dessulfitado;2000;0
DERIVADOS;Mosto dessulfitado;2001;0
DERIVADOS;Mosto dessulfitado;2002;0
DERIVADOS;Mosto dessulfitado;2003;0
DERIVADOS;Mosto dessulfitado;2004;0
DERIVADOS;Mosto dessulfitado;2005;0
DERIVADOS;Mosto dessulfitado;2006;0
DERIVADOS;Mosto dessulfitado;2007;0
DERIVADOS;Mosto dessulfitado;2008;0
DERIVADOS;Mosto dessulfitado;2009;0
DERIVADOS;Mosto dessulfitado;2010;0
DERIVADOS;Mosto dessulfitado;2011;0
DERIVADOS;Mosto dessulfitado;2012;0
DERIVADOS;Mosto dessulfitado;2013;0
DERIVADOS;Mosto dessulfitado;2014;0
DERIVADOS;Mosto dessulfitado;2015;0
DERIVADOS;Mosto dessulfitado;2016;0
DERIVADOS;Mosto dessulfitado;2017;0
DERIVADOS;Mosto dessulfitado;2018;0
DERIVADOS;Mosto dessulfitado;2019;1000
DERIVADOS;Mosto dessulfitado;2020;5000
DERIVADOS;Mosto dessulfitado;2021;1532000
DERIVADOS;Mistelas;1970;1072100
DERIVADOS;Mistelas;1971;818400
DERIVADOS;Mistelas;1972;871200
DERIVADOS;Mistelas;1973;512900
DERIVADOS;Mistelas;1974;826300
DERIVADOS;Mistelas;1975;223000
DERIVADOS;Mistelas;1976;205500
DERIVADOS;Mistelas;1977;553200
DERIVADOS;Mistelas;1978;242150
DERIVADOS;Mistelas;1979;60300
DERIVADOS;Mistelas;1980;0
DERIVADOS;Mistelas;1981;0
DERIVADOS;Mistelas;1982;0
DERIVADOS;Mistelas;1983;0
DERIVADOS;Mistelas;1984;0
DERIVADOS;Mistelas;1985;0
DERIVADOS;Mistelas;1986;378400
DERIVADOS;Mistelas;1987;402600
DERIVADOS;Mistelas;1988;196000
DERIVADOS;Mistelas;1989;32000
DERIVADOS;Mistelas;1990;149000
DERIVADOS;Mistelas;1991;0
DERIVADOS;Mistelas;1992;0
DERIVADOS;Mistelas;1993;0
DERIVADOS;Mistelas;1994;0
DERIVADOS;Mistelas;1995;0
DERIVADOS;Mistelas;1996;0
DERIVADOS;Mistelas;1997;0
DERIVADOS;Mistelas;1998;0
DERIVADOS;Mistelas;1999;0
DERIVADOS;Mistelas;2000;33000
DERIVADOS;Mistelas;2001;15000
DERIVADOS;Mistelas;2002;0
DERIVADOS;Mistelas;2003;5500
DERIVADOS;Mistelas;2004;11500
DERIVADOS;Mistelas;2005;9960
DERIVADOS;Mistelas;2006;0
DERIVADOS;Mistelas;2007;1900
DERIVADOS;Mistelas;2008;2000
DERIVADOS;Mistelas;2009;3500
DERIVADOS;Mistelas;2010;0
DERIVADOS;Mistelas;2011;0
DERIVADOS;Mistelas;2012;200
DERIVADOS;Mistelas;2013;2500
DERIVADOS;Mistelas;2014;1000
DERIVADOS;Mistelas;2015;0
DERIVADOS;Mistelas;2016;0
DERIVADOS;Mistelas;2017;1500
DERIVADOS;Mistelas;2018;2000
DERIVADOS;Mistelas;2019;3000
DERIVADOS;Mistelas;2020;0
DERIVADOS;Mistelas;2021;2500
DERIVADOS;Néctar de uva;1970;0
DERIVADOS;Néctar de uva;1971;0
DERIVADOS;Néctar de uva;1972;0
DERIVADOS;Néctar de uva;1973;0
DERIVADOS;Néctar de uva;1974;0
DERIVADOS;Néctar de uva;1975;0
DERIVADOS;Néctar de uva;1976;0
DERIVADOS;Néctar de uva;1977;0
DERIVADOS;Néctar de uva;1978;0
DERIVADOS;Néctar de uva;1979;0
DERIVADOS;Néctar de uva;1980;0
DERIVADOS;Néctar de uva;1981;0
DERIVADOS;Néctar de uva;1982;0
DERIVADOS;Néctar de uva;1983;0
DERIVADOS;Néctar de uva;1984;0
DERIVADOS;Néctar de uva;1985;0
DERIVADOS;Néctar de uva;1986;0
DERIVADOS;Néctar de uva;1987;0
DERIVADOS;Néctar de uva;1988;0
DERIVADOS;Néctar de uva;1989;0
DERIVADOS;Néctar de uva;1990;0
DERIVADOS;Néctar de uva;1991;0
DERIVADOS;Néctar de uva;1992;0
DERIVADOS;Néctar de uva;1993;0
DERIVADOS;Néctar de uva;1994;0
DERIVADOS;Néctar de uva;1995;0
DERIVADOS;Néctar de uva;1996;0
DERIVADOS;Néctar de uva;1997;0
DERIVADOS;Néctar de uva;1998;0
DERIVADOS;Néctar de uva;1999;0
DERIVADOS;Néctar de uva;2000;0
DERIVADOS;Néctar de uva;2001;0
DERIVADOS;Néctar de uva;2002;0
DERIVADOS;Néctar de uva;2003;0
DERIVADOS;Néctar de uva;2004;0
DERIVADOS;Néctar de uva;2005;0
DERIVADOS;Néctar de uva;2006;0
DERIVADOS;Néctar de uva;2007;0
DERIVADOS;Néctar de uva;2008;0
DERIVADOS;Néctar de uva;2009;0
DERIVADOS;Néctar de uva;2010;0
DERIVADOS;Néctar de uva;2011;0
DERIVADOS;Néctar de uva;2012;0
DERIVADOS;Néctar de uva;2013;10000
DERIVADOS;Néctar de uva;2014;1140
DERIVADOS;Néctar de uva;2015;1000
DERIVADOS;Néctar de uva;2016;0
DERIVADOS;Néctar de uva;2017;3000
DERIVADOS;Néctar de uva;2018;0
DERIVADOS;Néctar de uva;2019;32519
DERIVADOS;Néctar de uva;2020;46000
DERIVADOS;Néctar de uva;2021;18187
DERIVADOS;Licorosos;1970;282500
DERIVADOS;Licorosos;1971;270000
DERIVADOS;Licorosos;1972;254600
DERIVADOS;Licorosos;1973;176500
DERIVADOS;Licorosos;1974;135000
DERIVADOS;Licorosos;1975;24000
DERIVADOS;Licorosos;1976;4400
DERIVADOS;Licorosos;1977;525000
DERIVADOS;Licorosos;1978;479971
DERIVADOS;Licorosos;1979;34000
DERIVADOS;Licorosos;1980;0
DERIVADOS;Licorosos;1981;0
DERIVADOS;Licorosos;1982;0
DERIVADOS;Licorosos;1983;0
DERIVADOS;Licorosos;1984;0
DERIVADOS;Licorosos;1985;0
DERIVADOS;Licorosos;1986;0
DERIVADOS;Licorosos;1987;0
DERIVADOS;Licorosos;1988;3000
DERIVADOS;Licorosos;1989;20000
DERIVADOS;Licorosos;1990;24300
DERIVADOS;Licorosos;1991;11500
DERIVADOS;Licorosos;1992;7800
DERIVADOS;Licorosos;1993;0
DERIVADOS;Licorosos;1994;0
DERIVADOS;Licorosos;1995;0
DERIVADOS;Licorosos;1996;0
DERIVADOS;Licorosos;1997;0
DERIVADOS;Licorosos;1998;0
DERIVADOS;Licorosos;1999;44740
DERIVADOS;Licorosos;2000;21000
DERIVADOS;Licorosos;2001;4000
DERIVADOS;Licorosos;2002;0
DERIVADOS;Licorosos;2003;34420
DERIVADOS;Licorosos;2004;0
DERIVADOS;Licorosos;2005;0
DERIVADOS;Licorosos;2006;0
DERIVADOS;Licorosos;2007;0
DERIVADOS;Licorosos;2008;0
DERIVADOS;Licorosos;2009;38000
DERIVADOS;Licorosos;2010;0
DERIVADOS;Licorosos;2011;0
DERIVADOS;Licorosos;2012;26775
DERIVADOS;Licorosos;2013;0
DERIVADOS;Licorosos;2014;0
DERIVADOS;Licorosos;2015;0
DERIVADOS;Licorosos;2016;0
DERIVADOS;Licorosos;2017;110820
DERIVADOS;Licorosos;2018;0
DERIVADOS;Licorosos;2019;0
DERIVADOS;Licorosos;2020;0
DERIVADOS;Licorosos;2021;0
DERIVADOS;Compostos;1970;0
DERIVADOS;Compostos;1971;45000
DERIVADOS;Compostos;1972;1358300
DERIVADOS;Compostos;1973;1628000
DERIVADOS;Compostos;1974;0
DERIVADOS;Compostos;1975;0
DERIVADOS;Compostos;1976;0
DERIVADOS;Compostos;1977;0
DERIVADOS;Compostos;1978;75000
DERIVADOS;Compostos;1979;0
DERIVADOS;Compostos;1980;0
DERIVADOS;Compostos;1981;0
DERIVADOS;Compostos;1982;0
DERIVADOS;Compostos;1983;0
DERIVADOS;Compostos;1984;0
DERIVADOS;Compostos;1985;0
DERIVADOS;Compostos;1986;0
DERIVADOS;Compostos;1987;0
DERIVADOS;Compostos;1988;2000
DERIVADOS;Compostos;1989;1900
DERIVADOS;Compostos;1990;0
DERIVADOS;Compostos;1991;0
DERIVADOS;Compostos;1992;0
DERIVADOS;Compostos;1993;0
DERIVADOS;Compostos;1994;0
DERIVADOS;Compostos;1995;0
DERIVADOS;Compostos;1996;0
DERIVADOS;Compostos;1997;0
DERIVADOS;Compostos;1998;0
DERIVADOS;Compostos;1999;0
DERIVADOS;Compostos;2000;0
DERIVADOS;Compostos;2001;0
DERIVADOS;Compostos;2002;0
DERIVADOS;Compostos;2003;0
DERIVADOS;Compostos;2004;0
DERIVADOS;Compostos;2005;0
DERIVADOS;Compostos;2006;0
DERIVADOS;Compostos;2007;0
DERIVADOS;Compostos;2008;0
DERIVADOS;Compostos;2009;0
DERIVADOS;Compostos;2010;0
DERIVADOS;Compostos;2011;0
DERIVADOS;Compostos;2012;7600
DERIVADOS;Compostos;2013;0
DERIVADOS;Compostos;2014;0
DERIVADOS;Compostos;2015;0
DERIVADOS;Compostos;2016;0
DERIVADOS;Compostos;2017;0
DERIVADOS;Compostos;2018;0
DERIVADOS;Compostos;2019;0
DERIVADOS;Compostos;2020;0
DERIVADOS;Compostos;2021;0
DERIVADOS;Jeropiga;1970;0
DERIVADOS;Jeropiga;1971;0
DERIVADOS;Jeropiga;1972;0
DERIVADOS;Jeropiga;1973;0
DERIVADOS;Jeropiga;1974;0
DERIVADOS;Jeropiga;1975;0
DERIVADOS;Jeropiga;1976;107500
DERIVADOS;Jeropiga;1977;12500
DERIVADOS;Jeropiga;1978;60000
DERIVADOS;Jeropiga;1979;20000
DERIVADOS;Jeropiga;1980;0
DERIVADOS;Jeropiga;1981;0
DERIVADOS;Jeropiga;1982;0
DERIVADOS;Jeropiga;1983;0
DERIVADOS;Jeropiga;1984;0
DERIVADOS;Jeropiga;1985;234500
DERIVADOS;Jeropiga;1986;173000
DERIVADOS;Jeropiga;1987;122000
DERIVADOS;Jeropiga;1988;61000
DERIVADOS;Jeropiga;1989;42000
DERIVADOS;Jeropiga;1990;0
DERIVADOS;Jeropiga;1991;0
DERIVADOS;Jeropiga;1992;60000
DERIVADOS;Jeropiga;1993;0
DERIVADOS;Jeropiga;1994;0
DERIVADOS;Jeropiga;1995;0
DERIVADOS;Jeropiga;1996;0
DERIVADOS;Jeropiga;1997;0
DERIVADOS;Jeropiga;1998;0
DERIVADOS;Jeropiga;1999;0
DERIVADOS;Jeropiga;2000;0
DERIVADOS;Jeropiga;2001;0
DERIVADOS;Jeropiga;2002;0
DERIVADOS;Jeropiga;2003;0
DERIVADOS;Jeropiga;2004;0
DERIVADOS;Jeropiga;2005;0
DERIVADOS;Jeropiga;2006;0
DERIVADOS;Jeropiga;2007;0
DERIVADOS;Jeropiga;2008;0
DERIVADOS;Jeropiga;2009;0
DERIVADOS;Jeropiga;2010;69000
DERIVADOS;Jeropiga;2011;0
DERIVADOS;Jeropiga;2012;0
DERIVADOS;Jeropiga;2013;0
DERIVADOS;Jeropiga;2014;0
DERIVADOS;Jeropiga;2015;0
DERIVADOS;Jeropiga;2016;0
DERIVADOS;Jeropiga;2017;0
DERIVADOS;Jeropiga;2018;0
DERIVADOS;Jeropiga;2019;0
DERIVADOS;Jeropiga;2020;2000
DERIVADOS;Jeropiga;2021;3540
DERIVADOS;Filtrado;1970;0
DERIVADOS;Filtrado;1971;0
DERIVADOS;Filtrado;1972;0
DERIVADOS;Filtrado;1973;0
DERIVADOS;Filtrado;1974;0
DERIVADOS;Filtrado;1975;0
DERIVADOS;Filtrado;1976;0
DERIVADOS;Filtrado;1977;0
DERIVADOS;Filtrado;1978;0
DERIVADOS;Filtrado;1979;0
DERIVADOS;Filtrado;1980;0
DERIVADOS;Filtrado;1981;0
DERIVADOS;Filtrado;1982;0
DERIVADOS;Filtrado;1983;0
DERIVADOS;Filtrado;1984;0
DERIVADOS;Filtrado;1985;0
DERIVADOS;Filtrado;1986;0
DERIVADOS;Filtrado;1987;0
DERIVADOS;Filtrado;1988;88000
DERIVADOS;Filtrado;1989;39000
DERIVADOS;Filtrado;1990;11000
DERIVADOS;Filtrado;1991;18000
DERIVADOS;Filtrado;1992;11000
DERIVADOS;Filtrado;1993;0
DERIVADOS;Filtrado;1994;0
DERIVADOS;Filtrado;1995;0
DERIVADOS;Filtrado;1996;0
DERIVADOS;Filtrado;1997;0
DERIVADOS;Filtrado;1998;0
DERIVADOS;Filtrado;1999;0
DERIVADOS;Filtrado;2000;0
DERIVADOS;Filtrado;2001;0
DERIVADOS;Filtrado;2002;0
DERIVADOS;Filtrado;2003;0
DERIVADOS;Filtrado;2004;0
DERIVADOS;Filtrado;2005;0
DERIVADOS;Filtrado;2006;0
DERIVADOS;Filtrado;2007;0
DERIVADOS;Filtrado;2008;0
DERIVADOS;Filtrado;2009;0
DERIVADOS;Filtrado;2010;0
DERIVADOS;Filtrado;2011;0
DERIVADOS;Filtrado;2012;0
DERIVADOS;Filtrado;2013;0
DERIVADOS;Filtrado;2014;0
DERIVADOS;Filtrado;2015;0
DERIVADOS;Filtrado;2016;0
DERIVADOS;Filtrado;2017;0
DERIVADOS;Filtrado;2018;0
DERIVADOS;Filtrado;2019;0
DERIVADOS;Filtrado;2020;0
DERIVADOS;Filtrado;2021;0
DERIVADOS;Frisante;1970;0
DERIVADOS;Frisante;1971;0
DERIVADOS;Frisante;1972;0
DERIVADOS;Frisante;1973;0
DERIVADOS;Frisante;1974;0
DERIVADOS;Frisante;1975;0
DERIVADOS;Frisante;1976;0
DERIVADOS;Frisante;1977;0
DERIVADOS;Frisante;1978;0
DERIVADOS;Frisante;1979;0
DERIVADOS;Frisante;1980;0
DERIVADOS;Frisante;1981;0
DERIVADOS;Frisante;1982;0
DERIVADOS;Frisante;1983;0
DERIVADOS;Frisante;1984;0
DERIVADOS;Frisante;1985;0
DERIVADOS;Frisante;1986;0
DERIVADOS;Frisante;1987;0
DERIVADOS;Frisante;1988;0
DERIVADOS;Frisante;1989;0
DERIVADOS;Frisante;1990;0
DERIVADOS;Frisante;1991;0
DERIVADOS;Frisante;1992;0
DERIVADOS;Frisante;1993;0
DERIVADOS;Frisante;1994;0
DERIVADOS;Frisante;1995;0
DERIVADOS;Frisante;1996;0
DERIVADOS;Frisante;1997;0
DERIVADOS;Frisante;1998;0
DERIVADOS;Frisante;1999;0
DERIVADOS;Frisante;2000;0
DERIVADOS;Frisante;2001;0
DERIVADOS;Frisante;2002;0
DERIVADOS;Frisante;2003;0
DERIVADOS;Frisante;2004;0
DERIVADOS;Frisante;2005;0
DERIVADOS;Frisante;2006;0
DERIVADOS;Frisante;2007;0
DERIVADOS;Frisante;2008;0
DERIVADOS;Frisante;2009;0
DERIVADOS;Frisante;2010;831000
DERIVADOS;Frisante;2011;1003800
DERIVADOS;Frisante;2012;778500
DERIVADOS;Frisante;2013;1009000
DERIVADOS;Frisante;2014;26069
DERIVADOS;Frisante;2015;0
DERIVADOS;Frisante;2016;0
DERIVADOS;Frisante;2017;0
DERIVADOS;Frisante;2018;0
DERIVADOS;Frisante;2019;0
DERIVADOS;Frisante;2020;0
DERIVADOS;Frisante;2021;1390
DERIVADOS;Vinho leve;1970;0
DERIVADOS;Vinho leve;1971;0
DERIVADOS;Vinho leve;1972;0
DERIVADOS;Vinho leve;1973;0
DERIVADOS;Vinho leve;1974;0
DERIVADOS;Vinho leve;1975;0
DERIVADOS;Vinho leve;1976;0
DERIVADOS;Vinho leve;1977;0
DERIVADOS;Vinho leve;1978;0
DERIVADOS;Vinho leve;1979;0
DERIVADOS;Vinho leve;1980;0
DERIVADOS;Vinho leve;1981;0
DERIVADOS;Vinho leve;1982;0
DERIVADOS;Vinho leve;1983;0
DERIVADOS;Vinho leve;1984;0
DERIVADOS;Vinho leve;1985;0
DERIVADOS;Vinho leve;1986;0
DERIVADOS;Vinho leve;1987;0
DERIVADOS;Vinho leve;1988;0
DERIVADOS;Vinho leve;1989;249000
DERIVADOS;Vinho leve;1990;264000
DERIVADOS;Vinho leve;1991;192800
DERIVADOS;Vinho leve;1992;144500
DERIVADOS;Vinho leve;1993;0
DERIVADOS;Vinho leve;1994;0
DERIVADOS;Vinho leve;1995;0
DERIVADOS;Vinho leve;1996;0
DERIVADOS;Vinho leve;1997;0
DERIVADOS;Vinho leve;1998;0
DERIVADOS;Vinho leve;1999;0
DERIVADOS;Vinho leve;2000;0
DERIVADOS;Vinho leve;2001;0
DERIVADOS;Vinho leve;2002;0
DERIVADOS;Vinho leve;2003;11000
DERIVADOS;Vinho leve;2004;6000
DERIVADOS;Vinho leve;2005;16500
DERIVADOS;Vinho leve;2006;0
DERIVADOS;Vinho leve;2007;0
DERIVADOS;Vinho leve;2008;0
DERIVADOS;Vinho leve;2009;0
DERIVADOS;Vinho leve;2010;0
DERIVADOS;Vinho leve;2011;0
DERIVADOS;Vinho leve;2012;0
DERIVADOS;Vinho leve;2013;0
DERIVADOS;Vinho leve;2014;0
DERIVADOS;Vinho leve;2015;0
DERIVADOS;Vinho leve;2016;0
DERIVADOS;Vinho leve;2017;0
DERIVADOS;Vinho leve;2018;8000
DERIVADOS;Vinho leve;2019;0
DERIVADOS;Vinho leve;2020;0
DERIVADOS;Vinho leve;2021;0
DERIVADOS;Vinho licoroso;1970;0
DERIVADOS;Vinho licoroso;1971;0
DERIVADOS;Vinho licoroso;1972;0
DERIVADOS;Vinho licoroso;1973;0
DERIVADOS;Vinho licoroso;1974;0
DERIVADOS;Vinho licoroso;1975;0
DERIVADOS;Vinho licoroso;1976;0
DERIVADOS;Vinho licoroso;1977;0
DERIVADOS;Vinho licoroso;1978;0
DERIVADOS;Vinho licoroso;1979;0
DERIVADOS;Vinho licoroso;1980;0
DERIVADOS;Vinho licoroso;1981;0
DERIVADOS;Vinho licoroso;1982;0
DERIVADOS;Vinho licoroso;1983;0
DERIVADOS;Vinho licoroso;1984;0
DERIVADOS;Vinho licoroso;1985;0
DERIVADOS;Vinho licoroso;1986;0
DERIVADOS;Vinho licoroso;1987;0
DERIVADOS;Vinho licoroso;1988;0
DERIVADOS;Vinho licoroso;1989;0
DERIVADOS;Vinho licoroso;1990;0
DERIVADOS;Vinho licoroso;1991;0
DERIVADOS;Vinho licoroso;1992;0
DERIVADOS;Vinho licoroso;1993;0
DERIVADOS;Vinho licoroso;1994;0
DERIVADOS;Vinho licoroso;1995;0
DERIVADOS;Vinho licoroso;1996;0
DERIVADOS;Vinho licoroso;1997;0
DERIVADOS;Vinho licoroso;1998;0
DERIVADOS;Vinho licoroso;1999;0
DERIVADOS;Vinho licoroso;2000;0
DERIVADOS;Vinho licoroso;2001;0
DERIVADOS;Vinho licoroso;2002;0
DERIVADOS;Vinho licoroso;2003;0
DERIVADOS;Vinho licoroso;2004;77800
DERIVADOS;Vinho licoroso;2005;125700
DERIVADOS;Vinho licoroso;2006;28500
DERIVADOS;Vinho licoroso;2007;27926
DERIVADOS;Vinho licoroso;2008;65650
DERIVADOS;Vinho licoroso;2009;0
DERIVADOS;Vinho licoroso;2010;15000
DERIVADOS;Vinho licoroso;2011;0
DERIVADOS;Vinho licoroso;2012;0
DERIVADOS;Vinho licoroso;2013;100
DERIVADOS;Vinho licoroso;2014;36000
DERIVADOS;Vinho licoroso;2015;56000
DERIVADOS;Vinho licoroso;2016;24200
DERIVADOS;Vinho licoroso;2017;110820
DERIVADOS;Vinho licoroso;2018;124303
DERIVADOS;Vinho licoroso;2019;99485
DERIVADOS;Vinho licoroso;2020;48678
DERIVADOS;Vinho licoroso;2021;30000
DERIVADOS;Brandy;1970;0
DERIVADOS;Brandy;1971;0
DERIVADOS;Brandy;1972;0
DERIVADOS;Brandy;1973;0
DERIVADOS;Brandy;1974;0
DERIVADOS;Brandy;1975;0
DERIVADOS;Brandy;1976;0
DERIVADOS;Brandy;1977;0
DERIVADOS;Brandy;1978;0
DERIVADOS;Brandy;1979;0
DERIVADOS;Brandy;1980;0
DERIVADOS;Brandy;1981;0
DERIVADOS;Brandy;1982;0
DERIVADOS;Brandy;1983;0
DERIVADOS;Brandy;1984;0
DERIVADOS;Brandy;1985;13000
DERIVADOS;Brandy;1986;0
DERIVADOS;Brandy;1987;0
DERIVADOS;Brandy;1988;5216
DERIVADOS;Brandy;1989;6500
DERIVADOS;Brandy;1990;0
DERIVADOS;Brandy;1991;0
DERIVADOS;Brandy;1992;0
DERIVADOS;Brandy;1993;0
DERIVADOS;Brandy;1994;0
DERIVADOS;Brandy;1995;0
DERIVADOS;Brandy;1996;0
DERIVADOS;Brandy;1997;0
DERIVADOS;Brandy;1998;0
DERIVADOS;Brandy;1999;0
DERIVADOS;Brandy;2000;0
DERIVADOS;Brandy;2001;0
DERIVADOS;Brandy;2002;0
DERIVADOS;Brandy;2003;0
DERIVADOS;Brandy;2004;0
DERIVADOS;Brandy;2005;0
DERIVADOS;Brandy;2006;0
DERIVADOS;Brandy;2007;0
DERIVADOS;Brandy;2008;0
DERIVADOS;Brandy;2009;0
DERIVADOS;Brandy;2010;0
DERIVADOS;Brandy;2011;0
DERIVADOS;Brandy;2012;0
DERIVADOS;Brandy;2013;0
DERIVADOS;Brandy;2014;0
DERIVADOS;Brandy;2015;0
DERIVADOS;Brandy;2016;0
DERIVADOS;Brandy;2017;0
DERIVADOS;Brandy;2018;0
DERIVADOS;Brandy;2019;0
DERIVADOS;Brandy;2020;0
DERIVADOS;Brandy;2021;120
DERIVADOS;Destilado;1970;830030
DERIVADOS;Destilado;1971;0
DERIVADOS;Destilado;1972;0
DERIVADOS;Destilado;1973;0
DERIVADOS;Destilado;1974;0
DERIVADOS;Destilado;1975;0
DERIVADOS;Destilado;1976;0
DERIVADOS;Destilado;1977;0
DERIVADOS;Destilado;1978;0
DERIVADOS;Destilado;1979;0
DERIVADOS;Destilado;1980;0
DERIVADOS;Destilado;1981;0
DERIVADOS;Destilado;1982;0
DERIVADOS;Destilado;1983;0
DERIVADOS;Destilado;1984;0
DERIVADOS;Destilado;1985;342650
DERIVADOS;Destilado;1986;222230
DERIVADOS;Destilado;1987;472576
DERIVADOS;Destilado;1988;287220
DERIVADOS;Destilado;1989;176800
DERIVADOS;Destilado;1990;0
DERIVADOS;Destilado;1991;0
DERIVADOS;Destilado;1992;0
DERIVADOS;Destilado;1993;0
DERIVADOS;Destilado;1994;0
DERIVADOS;Destilado;1995;0
DERIVADOS;Destilado;1996;0
DERIVADOS;Destilado;1997;0
DERIVADOS;Destilado;1998;0
DERIVADOS;Destilado;1999;7350
DERIVADOS;Destilado;2000;1960
DERIVADOS;Destilado;2001;0
DERIVADOS;Destilado;2002;0
DERIVADOS;Destilado;2003;0
DERIVADOS;Destilado;2004;1000
DERIVADOS;Destilado;2005;0
DERIVADOS;Destilado;2006;0
DERIVADOS;Destilado;2007;0
DERIVADOS;Destilado;2008;0
DERIVADOS;Destilado;2009;0
DERIVADOS;Destilado;2010;0
DERIVADOS;Destilado;2011;0
DERIVADOS;Destilado;2012;0
DERIVADOS;Destilado;2013;0
DERIVADOS;Destilado;2014;0
DERIVADOS;Destilado;2015;0
DERIVADOS;Destilado;2016;0
DERIVADOS;Destilado;2017;0
DERIVADOS;Destilado;2018;680
DERIVADOS;Destilado;2019;0
DERIVADOS;Destilado;2020;0
DERIVADOS;Destilado;2021;0
DERIVADOS;Bagaceira;1970;961290
DERIVADOS;Bagaceira;1971;913200
DERIVADOS;Bagaceira;1972;755350
DERIVADOS;Bagaceira;1973;661270
DERIVADOS;Bagaceira;1974;424620
DERIVADOS;Bagaceira;1975;576098
DERIVADOS;Bagaceira;1976;705912
DERIVADOS;Bagaceira;1977;828000
DERIVADOS;Bagaceira;1978;698200
DERIVADOS;Bagaceira;1979;938090
DERIVADOS;Bagaceira;1980;0
DERIVADOS;Bagaceira;1981;0
DERIVADOS;Bagaceira;1982;0
DERIVADOS;Bagaceira;1983;0
DERIVADOS;Bagaceira;1984;0
DERIVADOS;Bagaceira;1985;299500
DERIVADOS;Bagaceira;1986;156100
DERIVADOS;Bagaceira;1987;325600
DERIVADOS;Bagaceira;1988;29000
DERIVADOS;Bagaceira;1989;52000
DERIVADOS;Bagaceira;1990;55000
DERIVADOS;Bagaceira;1991;15000
DERIVADOS;Bagaceira;1992;10000
DERIVADOS;Bagaceira;1993;0
DERIVADOS;Bagaceira;1994;0
DERIVADOS;Bagaceira;1995;0
DERIVADOS;Bagaceira;1996;0
DERIVADOS;Bagaceira;1997;0
DERIVADOS;Bagaceira;1998;0
DERIVADOS;Bagaceira;1999;0
DERIVADOS;Bagaceira;2000;12700
DERIVADOS;Bagaceira;2001;10350
DERIVADOS;Bagaceira;2002;0
DERIVADOS;Bagaceira;2003;26800
DERIVADOS;Bagaceira;2004;66082
DERIVADOS;Bagaceira;2005;32050
DERIVADOS;Bagaceira;2006;24250
DERIVADOS;Bagaceira;2007;48500
DERIVADOS;Bagaceira;2008;8500
DERIVADOS;Bagaceira;2009;6500
DERIVADOS;Bagaceira;2010;0
DERIVADOS;Bagaceira;2011;0
DERIVADOS;Bagaceira;2012;0
DERIVADOS;Bagaceira;2013;0
DERIVADOS;Bagaceira;2014;0
DERIVADOS;Bagaceira;2015;1350
DERIVADOS;Bagaceira;2016;1000
DERIVADOS;Bagaceira;2017;900
DERIVADOS;Bagaceira;2018;2100
DERIVADOS;Bagaceira;2019;10495
DERIVADOS;Bagaceira;2020;0
DERIVADOS;Bagaceira;2021;12060
DERIVADOS;Licor de bagaceira;1970;0
DERIVADOS;Licor de bagaceira;1971;0
DERIVADOS;Licor de bagaceira;1972;0
DERIVADOS;Licor de bagaceira;1973;0
DERIVADOS;Licor de bagaceira;1974;0
DERIVADOS;Licor de bagaceira;1975;0
DERIVADOS;Licor de bagaceira;1976;0
DERIVADOS;Licor de bagaceira;1977;0
DERIVADOS;Licor de bagaceira;1978;0
DERIVADOS;Licor de bagaceira;1979;0
DERIVADOS;Licor de bagaceira;1980;0
DERIVADOS;Licor de bagaceira;1981;0
DERIVADOS;Licor de bagaceira;1982;0
DERIVADOS;Licor de bagaceira;1983;0
DERIVADOS;Licor de bagaceira;1984;0
DERIVADOS;Licor de bagaceira;1985;0
DERIVADOS;Licor de bagaceira;1986;0
DERIVADOS;Licor de bagaceira;1987;0
DERIVADOS;Licor de bagaceira;1988;0
DERIVADOS;Licor de bagaceira;1989;0
DERIVADOS;Licor de bagaceira;1990;0
DERIVADOS;Licor de bagaceira;1991;0
DERIVADOS;Licor de bagaceira;1992;0
DERIVADOS;Licor de bagaceira;1993;0
DERIVADOS;Licor de bagaceira;1994;0
DERIVADOS;Licor de bagaceira;1995;0
DERIVADOS;Licor de bagaceira;1996;0
DERIVADOS;Licor de bagaceira;1997;0
DERIVADOS;Licor de bagaceira;1998;0
DERIVADOS;Licor de bagaceira;1999;0
DERIVADOS;Licor de bagaceira;2000;0
DERIVADOS;Licor de bagaceira;2001;0
DERIVADOS;Licor de bagaceira;2002;0
DERIVADOS;Licor de bagaceira;2003;0
DERIVADOS;Licor de bagaceira;2004;0
DERIVADOS;Licor de bagaceira;2005;0
DERIVADOS;Licor de bagaceira;2006;0
DERIVADOS;Licor de bagaceira;2007;0
DERIVADOS;Licor de bagaceira;2008;0
DERIVADOS;Licor de bagaceira;2009;0
DERIVADOS;Licor de bagaceira;2010;0
DERIVADOS;Licor de bagaceira;2011;0
DERIVADOS;Licor de bagaceira;2012;0
DERIVADOS;Licor de bagaceira;2013;0
DERIVADOS;Licor de bagaceira;2014;0
DERIVADOS;Licor de bagaceira;2015;0
DERIVADOS;Licor de bagaceira;2016;0
DERIVADOS;Licor de bagaceira;2017;0
DERIVADOS;Licor de bagaceira;2018;0
DERIVADOS;Licor de bagaceira;2019;1507
DERIVADOS;Licor de bagaceira;2020;5800
DERIVADOS;Licor de bagaceira;2021;0
DERIVADOS;Vinagre;1970;0
DERIVADOS;Vinagre;1971;21500
DERIVADOS;Vinagre;1972;8200
DERIVADOS;Vinagre;1973;0
DERIVADOS;Vinagre;1974;35300
DERIVADOS;Vinagre;1975;0
DERIVADOS;Vinagre;1976;288000
DERIVADOS;Vinagre;1977;0
DERIVADOS;Vinagre;1978;0
DERIVADOS;Vinagre;1979;0
DERIVADOS;Vinagre;1980;0
DERIVADOS;Vinagre;1981;0
DERIVADOS;Vinagre;1982;0
DERIVADOS;Vinagre;1983;0
DERIVADOS;Vinagre;1984;0
DERIVADOS;Vinagre;1985;104707
DERIVADOS;Vinagre;1986;0
DERIVADOS;Vinagre;1987;0
DERIVADOS;Vinagre;1988;0
DERIVADOS;Vinagre;1989;0
DERIVADOS;Vinagre;1990;0
DERIVADOS;Vinagre;1991;0
DERIVADOS;Vinagre;1992;45000
DERIVADOS;Vinagre;1993;0
DERIVADOS;Vinagre;1994;0
DERIVADOS;Vinagre;1995;0
DERIVADOS;Vinagre;1996;0
DERIVADOS;Vinagre;1997;0
DERIVADOS;Vinagre;1998;0
DERIVADOS;Vinagre;1999;0
DERIVADOS;Vinagre;2000;0
DERIVADOS;Vinagre;2001;0
DERIVADOS;Vinagre;2002;0
DERIVADOS;Vinagre;2003;0
DERIVADOS;Vinagre;2004;0
DERIVADOS;Vinagre;2005;0
DERIVADOS;Vinagre;2006;0
DERIVADOS;Vinagre;2007;0
DERIVADOS;Vinagre;2008;0
DERIVADOS;Vinagre;2009;0
DERIVADOS;Vinagre;2010;5817
DERIVADOS;Vinagre;2011;0
DERIVADOS;Vinagre;2012;0
DERIVADOS;Vinagre;2013;0
DERIVADOS;Vinagre;2014;53776
DERIVADOS;Vinagre;2015;25800
DERIVADOS;Vinagre;2016;5000
DERIVADOS;Vinagre;2017;25319
DERIVADOS;Vinagre;2018;25367
DERIVADOS;Vinagre;2019;76096
DERIVADOS;Vinagre;2020;10000
DERIVADOS;Vinagre;2021;7500
DERIVADOS;Borra líquida;1970;3847673
DERIVADOS;Borra líquida;1971;3565644
DERIVADOS;Borra líquida;1972;3015037
DERIVADOS;Borra líquida;1973;3559922
DERIVADOS;Borra líquida;1974;5136979
DERIVADOS;Borra líquida;1975;4624839
DERIVADOS;Borra líquida;1976;3393173
DERIVADOS;Borra líquida;1977;0
DERIVADOS;Borra líquida;1978;0
DERIVADOS;Borra líquida;1979;0
DERIVADOS;Borra líquida;1980;0
DERIVADOS;Borra líquida;1981;3767852
DERIVADOS;Borra líquida;1982;0
DERIVADOS;Borra líquida;1983;0
DERIVADOS;Borra líquida;1984;0
DERIVADOS;Borra líquida;1985;5095798
DERIVADOS;Borra líquida;1986;6357648
DERIVADOS;Borra líquida;1987;5142446
DERIVADOS;Borra líquida;1988;1953488
DERIVADOS;Borra líquida;1989;2426804
DERIVADOS;Borra líquida;1990;1282381
DERIVADOS;Borra líquida;1991;1649130
DERIVADOS;Borra líquida;1992;1400200
DERIVADOS;Borra líquida;1993;0
DERIVADOS;Borra líquida;1994;0
DERIVADOS;Borra líquida;1995;0
DERIVADOS;Borra líquida;1996;0
DERIVADOS;Borra líquida;1997;0
DERIVADOS;Borra líquida;1998;0
DERIVADOS;Borra líquida;1999;0
DERIVADOS;Borra líquida;2000;9626928
DERIVADOS;Borra líquida;2001;8216162
DERIVADOS;Borra líquida;2002;8541861
DERIVADOS;Borra líquida;2003;3126172
DERIVADOS;Borra líquida;2004;1044490
DERIVADOS;Borra líquida;2005;526016
DERIVADOS;Borra líquida;2006;57333
DERIVADOS;Borra líquida;2007;2095873
DERIVADOS;Borra líquida;2008;1679775
DERIVADOS;Borra líquida;2009;0
DERIVADOS;Borra líquida;2010;64304
DERIVADOS;Borra líquida;2011;0
DERIVADOS;Borra líquida;2012;0
DERIVADOS;Borra líquida;2013;63111
DERIVADOS;Borra líquida;2014;50954
DERIVADOS;Borra líquida;2015;48833
DERIVADOS;Borra líquida;2016;24975
DERIVADOS;Borra líquida;2017;0
DERIVADOS;Borra líquida;2018;255100
DERIVADOS;Borra líquida;2019;901431
DERIVADOS;Borra líquida;2020;509378
DERIVADOS;Borra líquida;2021;116450
DERIVADOS;Borra seca;1970;0
DERIVADOS;Borra seca;1971;0
DERIVADOS;Borra seca;1972;0
DERIVADOS;Borra seca;1973;0
DERIVADOS;Borra seca;1974;0
DERIVADOS;Borra seca;1975;0
DERIVADOS;Borra seca;1976;0
DERIVADOS;Borra seca;1977;0
DERIVADOS;Borra seca;1978;0
DERIVADOS;Borra seca;1979;0
DERIVADOS;Borra seca;1980;0
DERIVADOS;Borra seca;1981;0
DERIVADOS;Borra seca;1982;0
DERIVADOS;Borra seca;1983;0
DERIVADOS;Borra seca;1984;0
DERIVADOS;Borra seca;1985;0
DERIVADOS;Borra seca;1986;0
DERIVADOS;Borra seca;1987;0
DERIVADOS;Borra seca;1988;0
DERIVADOS;Borra seca;1989;0
DERIVADOS;Borra seca;1990;0
DERIVADOS;Borra seca;1991;0
DERIVADOS;Borra seca;1992;0
DERIVADOS;Borra seca;1993;0
DERIVADOS;Borra seca;1994;0
DERIVADOS;Borra seca;1995;0
DERIVADOS;Borra seca;1996;0
DERIVADOS;Borra seca;1997;0
DERIVADOS;Borra seca;1998;0
DERIVADOS;Borra seca;1999;0
DERIVADOS;Borra seca;2000;0
DERIVADOS;Borra seca;2001;0
DERIVADOS;Borra seca;2002;0
DERIVADOS;Borra seca;2003;0
DERIVADOS;Borra seca;2004;0
DERIVADOS;Borra seca;2005;0
DERIVADOS;Borra seca;2006;0
DERIVADOS;Borra seca;2007;0
DERIVADOS;Borra seca;2008;0
DERIVADOS;Borra seca;2009;0
DERIVADOS;Borra seca;2010;149981
DERIVADOS;Borra seca;2011;0
DERIVADOS;Borra seca;2012;0
DERIVADOS;Borra seca;2013;78397
DERIVADOS;Borra seca;2014;142850
DERIVADOS;Borra seca;2015;120230
DERIVADOS;Borra seca;2016;82367
DERIVADOS;Borra seca;2017;0
DERIVADOS;Borra seca;2018;70480
DERIVADOS;Borra seca;2019;25996
DERIVADOS;Borra seca;2020;167587
DERIVADOS;Borra seca;2021;16789
DERIVADOS;Vinho Composto;1970;0
DERIVADOS;Vinho Composto;1971;0
DERIVADOS;Vinho Composto;1972;0
DERIVADOS;Vinho Composto;1973;0
DERIVADOS;Vinho Composto;1974;0
DERIVADOS;Vinho Composto;1975;0
DERIVADOS;Vinho Composto;1976;0
DERIVADOS;Vinho Composto;1977;0
DERIVADOS;Vinho Composto;1978;0
DERIVADOS;Vinho Composto;1979;0
DERIVADOS;Vinho Composto;1980;0
DERIVADOS;Vinho Composto;1981;0
DERIVADOS;Vinho Composto;1982;0
DERIVADOS;Vinho Composto;1983;0
DERIVADOS;Vinho Composto;1984;0
DERIVADOS;Vinho Composto;1985;0
DERIVADOS;Vinho Composto;1986;0
DERIVADOS;Vinho Composto;1987;0
DERIVADOS;Vinho Composto;1988;0
DERIVADOS;Vinho Composto;1989;0
DERIVADOS;Vinho Composto;1990;0
DERIVADOS;Vinho Composto;1991;0
DERIVADOS;Vinho Composto;1992;0
DERIVADOS;Vinho Composto;1993;0
DERIVADOS;Vinho Composto;1994;0
DERIVADOS;Vinho Composto;1995;0
DERIVADOS;Vinho Composto;1996;0
DERIVADOS;Vinho Composto;1997;0
DERIVADOS;Vinho Composto;1998;0
DERIVADOS;Vinho Composto;1999;0
DERIVADOS;Vinho Composto;2000;0
DERIVADOS;Vinho Composto;2001;0
DERIVADOS;Vinho Composto;2002;0
DERIVADOS;Vinho Composto;2003;0
DERIVADOS;Vinho Composto;2004;0
DERIVADOS;Vinho Composto;2005;0
DERIVADOS;Vinho Composto;2006;0
DERIVADOS;Vinho Composto;2007;0
DERIVADOS;Vinho Composto;2008;0
DERIVADOS;Vinho Composto;2009;0
DERIVADOS;Vinho Composto;2010;0
DERIVADOS;Vinho Composto;2011;0
DERIVADOS;Vinho Composto;2012;0
DERIVADOS;Vinho Composto;2013;0
DERIVADOS;Vinho Composto;2014;3000
DERIVADOS;Vinho Composto;2015;0
DERIVADOS;Vinho Composto;2016;0
DERIVADOS;Vinho Composto;2017;0
DERIVADOS;Vinho Composto;2018;0
DERIVADOS;Vinho Composto;2019;0
DERIVADOS;Vinho Composto;2020;0
DERIVADOS;Vinho Composto;2021;160000
DERIVADOS;Pisco;1970;0
DERIVADOS;Pisco;1971;0
DERIVADOS;Pisco;1972;0
DERIVADOS;Pisco;1973;0
DERIVADOS;Pisco;1974;0
DERIVADOS;Pisco;1975;0
DERIVADOS;Pisco;1976;0
DERIVADOS;Pisco;1977;0
DERIVADOS;Pisco;1978;0
DERIVADOS;Pisco;1979;0
DERIVADOS;Pisco;1980;0
DERIVADOS;Pisco;1981;0
DERIVADOS;Pisco;1982;0
DERIVADOS;Pisco;1983;0
DERIVADOS;Pisco;1984;0
DERIVADOS;Pisco;1985;0
DERIVADOS;Pisco;1986;0
DERIVADOS;Pisco;1987;0
DERIVADOS;Pisco;1988;0
DERIVADOS;Pisco;1989;0
DERIVADOS;Pisco;1990;0
DERIVADOS;Pisco;1991;0
DERIVADOS;Pisco;1992;0
DERIVADOS;Pisco;1993;0
DERIVADOS;Pisco;1994;0
DERIVADOS;Pisco;1995;0
DERIVADOS;Pisco;1996;0
DERIVADOS;Pisco;1997;0
DERIVADOS;Pisco;1998;0
DERIVADOS;Pisco;1999;0
DERIVADOS;Pisco;2000;0
DERIVADOS;Pisco;2001;0
DERIVADOS;Pisco;2002;0
DERIVADOS;Pisco;2003;0
DERIVADOS;Pisco;2004;0
DERIVADOS;Pisco;2005;0
DERIVADOS;Pisco;2006;0
DERIVADOS;Pisco;2007;0
DERIVADOS;Pisco;2008;0
DERIVADOS;Pisco;2009;0
DERIVADOS;Pisco;2010;0
DERIVADOS;Pisco;2011;0
DERIVADOS;Pisco;2012;0
DERIVADOS;Pisco;2013;0
DERIVADOS;Pisco;2014;0
DERIVADOS;Pisco;2015;0
DERIVADOS;Pisco;2016;0
DERIVADOS;Pisco;2017;0
DERIVADOS;Pisco;2018;0
DERIVADOS;Pisco;2019;3372
DERIVADOS;Pisco;2020;1000
DERIVADOS;Pisco;2021;0
DERIVADOS;Vinho orgânico;1970;0
DERIVADOS;Vinho orgânico;1971;0
DERIVADOS;Vinho orgânico;1972;0
DERIVADOS;Vinho orgânico;1973;0
DERIVADOS;Vinho orgânico;1974;0
DERIVADOS;Vinho orgânico;1975;0
DERIVADOS;Vinho orgânico;1976;0
DERIVADOS;Vinho orgânico;1977;0
DERIVADOS;Vinho orgânico;1978;0
DERIVADOS;Vinho orgânico;1979;0
DERIVADOS;Vinho orgânico;1980;0
DERIVADOS;Vinho orgânico;1981;0
DERIVADOS;Vinho orgânico;1982;0
DERIVADOS;Vinho orgânico;1983;0
DERIVADOS;Vinho orgânico;1984;0
DERIVADOS;Vinho orgânico;1985;254000
DERIVADOS;Vinho orgânico;1986;171147
DERIVADOS;Vinho orgânico;1987;219100
DERIVADOS;Vinho orgânico;1988;15000
DERIVADOS;Vinho orgânico;1989;85000
DERIVADOS;Vinho orgânico;1990;0
DERIVADOS;Vinho orgânico;1991;137000
DERIVADOS;Vinho orgânico;1992;0
DERIVADOS;Vinho orgânico;1993;0
DERIVADOS;Vinho orgânico;1994;4745442
DERIVADOS;Vinho orgânico;1995;2454500
DERIVADOS;Vinho orgânico;1996;351426
DERIVADOS;Vinho orgânico;1997;4997317
DERIVADOS;Vinho orgânico;1998;3265781
DERIVADOS;Vinho orgânico;1999;8592228
DERIVADOS;Vinho orgânico;2000;0
DERIVADOS;Vinho orgânico;2001;0
DERIVADOS;Vinho orgânico;2002;6705487
DERIVADOS;Vinho orgânico;2003;7584380
DERIVADOS;Vinho orgânico;2004;0
DERIVADOS;Vinho orgânico;2005;0
DERIVADOS;Vinho orgânico;2006;22933
DERIVADOS;Vinho orgânico;2007;307410
DERIVADOS;Vinho orgânico;2008;15000
DERIVADOS;Vinho orgânico;2009;0
DERIVADOS;Vinho orgânico;2010;0
DERIVADOS;Vinho orgânico;2011;5600
DERIVADOS;Vinho orgânico;2012;0
DERIVADOS;Vinho orgânico;2013;0
DERIVADOS;Vinho orgânico;2014;0
DERIVADOS;Vinho orgânico;2015;0
DERIVADOS;Vinho orgânico;2016;0
DERIVADOS;Vinho orgânico;2017;0
DERIVADOS;Vinho orgânico;2018;0
DERIVADOS;Vinho orgânico;2019;0
DERIVADOS;Vinho orgânico;2020;18700
DERIVADOS;Vinho orgânico;2021;93884
DERIVADOS;Espumante orgânico;1970;0
DERIVADOS;Espumante orgânico;1971;0
DERIVADOS;Espumante orgânico;1972;0
DERIVADOS;Espumante orgânico;1973;0
DERIVADOS;Espumante orgânico;1974;0
DERIVADOS;Espumante orgânico;1975;0
DERIVADOS;Espumante orgânico;1976;0
DERIVADOS;Espumante orgânico;1977;0
DERIVADOS;Espumante orgânico;1978;0
DERIVADOS;Espumante orgânico;1979;0
DERIVADOS;Espumante orgânico;1980;0
DERIVADOS;Espumante orgânico;1981;0
DERIVADOS;Espumante orgânico;1982;0
DERIVADOS;Espumante orgânico;1983;0
DERIVADOS;Espumante orgânico;1984;0
DERIVADOS;Espumante orgânico;1985;0
DERIVADOS;Espumante orgânico;1986;0
DERIVADOS;Espumante orgânico;1987;0
DERIVADOS;Espumante orgânico;1988;0
DERIVADOS;Espumante orgânico;1989;0
DERIVADOS;Espumante orgânico;1990;0
DERIVADOS;Espumante orgânico;1991;0
DERIVADOS;Espumante orgânico;1992;0
DERIVADOS;Espumante orgânico;1993;0
DERIVADOS;Espumante orgânico;1994;0
DERIVADOS;Espumante orgânico;1995;0
DERIVADOS;Espumante orgânico;1996;0
DERIVADOS;Espumante orgânico;1997;0
DERIVADOS;Espumante orgânico;1998;0
DERIVADOS;Espumante orgânico;1999;0
DERIVADOS;Espumante orgânico;2000;0
DERIVADOS;Espumante orgânico;2001;0
DERIVADOS;Espumante orgânico;2002;0
DERIVADOS;Espumante orgânico;2003;0
DERIVADOS;Espumante orgânico;2004;0
DERIVADOS;Espumante orgânico;2005;0
DERIVADOS;Espumante orgânico;2006;0
DERIVADOS;Espumante orgânico;2007;0
DERIVADOS;Espumante orgânico;2008;0
DERIVADOS;Espumante orgânico;2009;0
DERIVADOS;Espumante orgânico;2010;0
DERIVADOS;Espumante orgânico;2011;0
DERIVADOS;Espumante orgânico;2012;0
DERIVADOS;Espumante orgânico;2013;0
DERIVADOS;Espumante orgânico;2014;0
DERIVADOS;Espumante orgânico;2015;0
DERIVADOS;Espumante orgânico;2016;0
DERIVADOS;Espumante orgânico;2017;0
DERIVADOS;Espumante orgânico;2018;0
DERIVADOS;Espumante orgânico;2019;0
DERIVADOS;Espumante orgânico;2020;0
DERIVADOS;Espumante orgânico;2021;2412
DERIVADOS;Destilado alcoólico simples de bagaceira ;1970;0
DERIVADOS;Destilado alcoólico simples de bagaceira ;1971;0
DERIVADOS;Destilado alcoólico simples de bagaceira ;1972;0
DERIVADOS;Destilado alcoólico simples de bagaceira ;1973;0
DERIVADOS;Destilado alcoólico simples de bagaceira ;1974;0
DERIVADOS;Destilado alcoólico simples de bagaceira ;1975;0
DERIVADOS;Destilado alcoólico simples de bagaceira ;1976;0
DERIVADOS;Destilado alcoólico simples de bagaceira ;1977;0
DERIVADOS;Destilado alcoólico simples de bagaceira ;1978;0
DERIVADOS;Destilado alcoólico simples de bagaceira ;1979;0
DERIVADOS;Destilado alcoólico simples de bagaceira ;1980;0
DERIVADOS;Destilado alcoólico simples de bagaceira ;1981;0
DERIVADOS;Destilado alcoólico simples de bagaceira ;1982;0
DERIVADOS;Destilado alcoólico simples de bagaceira ;1983;0
DERIVADOS;Destilado alcoólico simples de bagaceira ;1984;0
DERIVADOS;Destilado alcoólico simples de bagaceira ;1985;0
DERIVADOS;Destilado alcoólico simples de bagaceira ;1986;0
DERIVADOS;Destilado alcoólico simples de bagaceira ;1987;0
DERIVADOS;Destilado alcoólico simples de bagaceira ;1988;0
DERIVADOS;Destilado alcoólico simples de bagaceira ;1989;0
DERIVADOS;Destilado alcoólico simples de bagaceira ;1990;0
DERIVADOS;Destilado alcoólico simples de bagaceira ;1991;0
DERIVADOS;Destilado alcoólico simples de bagaceira ;1992;0
DERIVADOS;Destilado alcoólico simples de bagaceira ;1993;0
DERIVADOS;Destilado alcoólico simples de bagaceira ;1994;0
DERIVADOS;Destilado alcoólico simples de bagaceira ;1995;0
DERIVADOS;Destilado alcoólico simples de bagaceira ;1996;0
DERIVADOS;Destilado alcoólico simples de bagaceira ;1997;0
DERIVADOS;Destilado alcoólico simples de bagaceira ;1998;0
DERIVADOS;Destilado alcoólico simples de bagaceira ;1999;0
DERIVADOS;Destilado alcoólico simples de bagaceira ;2000;0
DERIVADOS;Destilado alcoólico simples de bagaceira ;2001;0
DERIVADOS;Destilado alcoólico simples de bagaceira ;2002;0
DERIVADOS;Destilado alcoólico simples de bagaceira ;2003;0
DERIVADOS;Destilado alcoólico simples de bagaceira ;2004;0
DERIVADOS;Destilado alcoólico simples de bagaceira ;2005;0
DERIVADOS;Destilado alcoólico simples de bagaceira ;2006;0
DERIVADOS;Destilado alcoólico simples de bagaceira ;2007;0
DERIVADOS;Destilado alcoólico simples de bagaceira ;2008;0
DERIVADOS;Destilado alcoólico simples de bagaceira ;2009;0
DERIVADOS;Destilado alcoólico simples de bagaceira ;2010;0
DERIVADOS;Destilado alcoólico simples de bagaceira ;2011;0
DERIVADOS;Destilado alcoólico simples de bagaceira ;2012;0
DERIVADOS;Destilado alcoólico simples de bagaceira ;2013;0
DERIVADOS;Destilado alcoólico simples de bagaceira ;2014;0
DERIVADOS;Destilado alcoólico simples de bagaceira ;2015;0
DERIVADOS;Destilado alcoólico simples de bagaceira ;2016;0
DERIVADOS;Destilado alcoólico simples de bagaceira ;2017;0
DERIVADOS;Destilado alcoólico simples de bagaceira ;2018;0
DERIVADOS;Destilado alcoólico simples de bagaceira ;2019;0
DERIVADOS;Destilado alcoólico simples de bagaceira ;2020;500
DERIVADOS;Destilado alcoólico simples de bagaceira ;2021;3000
DERIVADOS;Vinho acidificado ;1970;0
DERIVADOS;Vinho acidificado ;1971;0
DERIVADOS;Vinho acidificado ;1972;0
DERIVADOS;Vinho acidificado ;1973;0
DERIVADOS;Vinho acidificado ;1974;0
DERIVADOS;Vinho acidificado ;1975;0
DERIVADOS;Vinho acidificado ;1976;0
DERIVADOS;Vinho acidificado ;1977;0
DERIVADOS;Vinho acidificado ;1978;0
DERIVADOS;Vinho acidificado ;1979;0
DERIVADOS;Vinho acidificado ;1980;0
DERIVADOS;Vinho acidificado ;1981;0
DERIVADOS;Vinho acidificado ;1982;0
DERIVADOS;Vinho acidificado ;1983;0
DERIVADOS;Vinho acidificado ;1984;0
DERIVADOS;Vinho acidificado ;1985;0
DERIVADOS;Vinho acidificado ;1986;0
DERIVADOS;Vinho acidificado ;1987;0
DERIVADOS;Vinho acidificado ;1988;0
DERIVADOS;Vinho acidificado ;1989;0
DERIVADOS;Vinho acidificado ;1990;0
DERIVADOS;Vinho acidificado ;1991;0
DERIVADOS;Vinho acidificado ;1992;0
DERIVADOS;Vinho acidificado ;1993;0
DERIVADOS;Vinho acidificado ;1994;0
DERIVADOS;Vinho acidificado ;1995;0
DERIVADOS;Vinho acidificado ;1996;0
DERIVADOS;Vinho acidificado ;1997;0
DERIVADOS;Vinho acidificado ;1998;0
DERIVADOS;Vinho acidificado ;1999;0
DERIVADOS;Vinho acidificado ;2000;0
DERIVADOS;Vinho acidificado ;2001;0
DERIVADOS;Vinho acidificado ;2002;0
DERIVADOS;Vinho acidificado ;2003;0
DERIVADOS;Vinho acidificado ;2004;0
DERIVADOS;Vinho acidificado ;2005;0
DERIVADOS;Vinho acidificado ;2006;0
DERIVADOS;Vinho acidificado ;2007;0
DERIVADOS;Vinho acidificado ;2008;0
DERIVADOS;Vinho acidificado ;2009;0
DERIVADOS;Vinho acidificado ;2010;0
DERIVADOS;Vinho acidificado ;2011;0
DERIVADOS;Vinho acidificado ;2012;0
DERIVADOS;Vinho acidificado ;2013;0
DERIVADOS;Vinho acidificado ;2014;0
DERIVADOS;Vinho acidificado ;2015;0
DERIVADOS;Vinho acidificado ;2016;0
DERIVADOS;Vinho acidificado ;2017;0
DERIVADOS;Vinho acidificado ;2018;0
DERIVADOS;Vinho acidificado ;2019;0
DERIVADOS;Vinho acidificado ;2020;65000
DERIVADOS;Vinho acidificado ;2021;0
DERIVADOS;Mosto parcialmente fermentado ;1970;0
DERIVADOS;Mosto parcialmente fermentado ;1971;0
DERIVADOS;Mosto parcialmente fermentado ;1972;0
DERIVADOS;Mosto parcialmente fermentado ;1973;0
DERIVADOS;Mosto parcialmente fermentado ;1974;0
DERIVADOS;Mosto parcialmente fermentado ;1975;0
DERIVADOS;Mosto parcialmente fermentado ;1976;0
DERIVADOS;Mosto parcialmente fermentado ;1977;0
DERIVADOS;Mosto parcialmente fermentado ;1978;0
DERIVADOS;Mosto parcialmente fermentado ;1979;0
DERIVADOS;Mosto parcialmente fermentado ;1980;0
DERIVADOS;Mosto parcialmente fermentado ;1981;0
DERIVADOS;Mosto parcialmente fermentado ;1982;0
DERIVADOS;Mosto parcialmente fermentado ;1983;0
DERIVADOS;Mosto parcialmente fermentado ;1984;0
DERIVADOS;Mosto parcialmente fermentado ;1985;0
DERIVADOS;Mosto parcialmente fermentado ;1986;0
DERIVADOS;Mosto parcialmente fermentado ;1987;0
DERIVADOS;Mosto parcialmente fermentado ;1988;0
DERIVADOS;Mosto parcialmente fermentado ;1989;0
DERIVADOS;Mosto parcialmente fermentado ;1990;0
DERIVADOS;Mosto parcialmente fermentado ;1991;0
DERIVADOS;Mosto parcialmente fermentado ;1992;0
DERIVADOS;Mosto parcialmente fermentado ;1993;0
DERIVADOS;Mosto parcialmente fermentado ;1994;0
DERIVADOS;Mosto parcialmente fermentado ;1995;0
DERIVADOS;Mosto parcialmente fermentado ;1996;0
DERIVADOS;Mosto parcialmente fermentado ;1997;0
DERIVADOS;Mosto parcialmente fermentado ;1998;0
DERIVADOS;Mosto parcialmente fermentado ;1999;0
DERIVADOS;Mosto parcialmente fermentado ;2000;0
DERIVADOS;Mosto parcialmente fermentado ;2001;0
DERIVADOS;Mosto parcialmente fermentado ;2002;0
DERIVADOS;Mosto parcialmente fermentado ;2003;0
DERIVADOS;Mosto parcialmente fermentado ;2004;0
DERIVADOS;Mosto parcialmente fermentado ;2005;0
DERIVADOS;Mosto parcialmente fermentado ;2006;0
DERIVADOS;Mosto parcialmente fermentado ;2007;0
DERIVADOS;Mosto parcialmente fermentado ;2008;0
DERIVADOS;Mosto parcialmente fermentado ;2009;0
DERIVADOS;Mosto parcialmente fermentado ;2010;0
DERIVADOS;Mosto parcialmente fermentado ;2011;0
DERIVADOS;Mosto parcialmente fermentado ;2012;0
DERIVADOS;Mosto parcialmente fermentado ;2013;0
DERIVADOS;Mosto parcialmente fermentado ;2014;0
DERIVADOS;Mosto parcialmente fermentado ;2015;0
DERIVADOS;Mosto parcialmente fermentado ;2016;0
DERIVADOS;Mosto parcialmente fermentado ;2017;0
DERIVADOS;Mosto parcialmente fermentado ;2018;0
DERIVADOS;Mosto parcialmente fermentado ;2019;0
DERIVADOS;Mosto parcialmente fermentado ;2020;0
DERIVADOS;Mosto parcialmente fermentado ;2021;543510
DERIVADOS;Outros derivados;1970;0
DERIVADOS;Outros derivados;1971;0
DERIVADOS;Outros derivados;1972;0
DERIVADOS;Outros derivados;1973;0
DERIVADOS;Outros derivados;1974;0
DERIVADOS;Outros derivados;1975;0
DERIVADOS;Outros derivados;1976;0
DERIVADOS;Outros derivados;1977;0
DERIVADOS;Outros derivados;1978;0
DERIVADOS;Outros derivados;1979;0
DERIVADOS;Outros derivados;1980;0
DERIVADOS;Outros derivados;1981;0
DERIVADOS;Outros derivados;1982;0
DERIVADOS;Outros derivados;1983;0
DERIVADOS;Outros derivados;1984;0
DERIVADOS;Outros derivados;1985;0
DERIVADOS;Outros derivados;1986;0
DERIVADOS;Outros derivados;1987;0
DERIVADOS;Outros derivados;1988;0
DERIVADOS;Outros derivados;1989;0
DERIVADOS;Outros derivados;1990;0
DERIVADOS;Outros derivados;1991;0
DERIVADOS;Outros derivados;1992;0
DERIVADOS;Outros derivados;1993;0
DERIVADOS;Outros derivados;1994;0
DERIVADOS;Outros derivados;1995;0
DERIVADOS;Outros derivados;1996;0
DERIVADOS;Outros derivados;1997;0
DERIVADOS;Outros derivados;1998;0
DERIVADOS;Outros derivados;1999;0
DERIVADOS;Outros derivados;2000;0
DERIVADOS;Outros derivados;2001;0
DERIVADOS;Outros derivados;2002;0
DERIVADOS;Outros derivados;2003;0
DERIVADOS;Outros derivados;2004;0
DERIVADOS;Outros derivados;2005;0
DERIVADOS;Outros derivados;2006;0
DERIVADOS;Outros derivados;2007;0
DERIVADOS;Outros derivados;2008;0
DERIVADOS;Outros derivados;2009;0
DERIVADOS;Outros derivados;2010;0
DERIVADOS;Outros derivados;2011;0
DERIVADOS;Outros derivados;2012;0
DERIVADOS;Outros derivados;2013;0
DERIVADOS;Outros derivados;2014;0
DERIVADOS;Outros derivados;2015;0
DERIVADOS;Outros derivados;2016;0
DERIVADOS;Outros derivados;2017;0
DERIVADOS;Outros derivados;2018;0
DERIVADOS;Outros derivados;2019;0
DERIVADOS;Outros derivados;2020;0
DERIVADOS;Outros derivados;2021;322
