Dados geográficos países/territórios;;;;;;;;;;;;;;;;;;;;;;;;;;;;;;;;;;;;;;;;;;;;;;;;;;;;;;;;;;;;;;;;;;;;;;
Local; População ; Área em Km2 ; Continente ; Região ; Capital ; Maior cidade ; PIB PPC ; PIB nominal ; GINI ; IDH ; Moeda ; Nome em inglês ; Nome local ; Códio ISO ; Código telefônico ; Domínio de Internet ; APEC ; ASEAN ; BRICS ; CAN ; CAO ; CARICOM ; CEI ; CEMAC ; COI ; Commonwealth ; EFTA ; Ex-URSS ; FIFA ; G20 ; G7 ; IGAD ; MCCA ; Mercosul ; NAFTA ; OCDE ; OEA ; OMC ; ONU ; OPEP ; OTAN ; SAARC ; SADC ; UE ; UEMOA ; UMA ; ZE ; Vinculado a ; Situação de autonomia ; Pequeno país? ; Insular? ; Transcontinental? ; Prêmios Nobel ; Medalhas olímpicas ; Patrimônios da Unesco ; 1000 lugares ; URL Wikipedia ; Bloco principal ;;;;;;;;;;;;
Abecásia; 244.832 ; 8.432,0 ; Europa ; Leste europeu ; Sukhumi ; Sukhumi ;;;;;;;;;;;;;;;;;;;;;;;0;;;;;;;;;;;;;;;;;;;Geórgia;Em disputa separatista;;;;;;;;https://pt.wikipedia.org/wiki/Abec%C3%A1sia;;;;;;;;;;;;;
Açores; 245.746 ; 2.333,0 ; África ; Norte da África ; Ponta Delgada ;;;;;;;Azores;;;;;;;;;;;;;;;;;0;;;;;;;;;;;;;;;;;;;Portugual;Região autônoma;;1;;;;;;https://pt.wikipedia.org/wiki/A%C3%A7ores;;;;;;;;;;;;;
Acrotiri e Deceleia; 14.500 ; 254,0 ; Europa ; Europa meridional ; Episcópi ; Episcópi ;;;;;euro;Akrotiri and Dhekelia;Akrotiri and Dhekelia;;357;;;;;;;;;;;;;;0;;;;;;;;;;;;;;;;;;;Reino Unido;Território ultramarino;1;;;;;;;https://pt.wikipedia.org/wiki/Acrot%C3%ADri_e_Deceleia;;;;;;;;;;;;;
Afeganistão; 32.225.560 ; 652.090,0 ; Ásia ; Ásia central ; Cabul ; Cabul ; 72.911 ; 19.630 ;27,8;0,496;afegani;Afghanistan;Af??nist?n;AFG;93;.af;;;;;;;;;1;;;;1;;;;;;;;;1;1;;;1;;;;;;;;;;;;2;2;;https://pt.wikipedia.org/wiki/Afeganist%C3%A3o;SAARC;;;;;;;;;;;;
África do Sul; 58.775.022 ; 1.221.037,0 ; África ; África austral ; Pretória ; Joanesburgo ; 794.706 ; 368.135 ;63,1;0,705;rand;South Africa;South Africa;ZAF;27;.za;;;1;;;;;;1;1;;;1;1;;;;;;;;1;1;;;;1;;;;;;;;;;10;86;8;8;https://pt.wikipedia.org/wiki/%C3%81frica_do_Sul;SADC;;;;;;;;;;;;
Albânia; 2.845.955 ; 28.748,0 ; Europa ; Europa meridional ; Tirana ; Tirana ; 38.154 ; 15.059 ;29,0;0,791;lek;Albania;Shqipëria;ALB;355;.al;;;;;;;;;1;;;;1;;;;;;;;;1;1;;1;;;;;;;;;;;;2;;2;;https://pt.wikipedia.org/wiki/Alb%C3%A2nia;;;;;;;;;;;;;
Alemanha; 83.149.300 ; 356.733,0 ; Europa ; Europa central ; Berlim ; Berlim ; 4.373.951 ; 3.951.340 ;28,3;0,939;euro;Germany;Deutschland;DEU;49;.de;;;;;;;;;1;;;;1;1;1;;;;;1;;1;1;;1;;;1;;;1;;;;;;110;615;40;14;https://pt.wikipedia.org/wiki/Alemanha;UE;;;;;;;;;;;;
Andorra; 77.543 ; 453,0 ; Europa ; Europa meridional ; Andorra a velha ; Andorra a velha ;; 3.278 ;;0,857;;Andorra;;AND;376;.ad;;;;;;;;;1;;;;1;;;;;;;;;;1;;;;;;;;;;;1;;;;;1;;https://pt.wikipedia.org/wiki/Andorra;;;;;;;;;;;;;
Angola; 31.127.674 ; 1.246.700,0 ; África ; África austral ; Luanda ; Luanda ; 198.821 ; 105.902 ;58,6;0,574;kwanza;Angola;Angola;AGO;244;.ao;;;;;;;;;1;;;;1;;;;;;;;;1;1;1;;;1;;;;;;;;;;;;;;https://pt.wikipedia.org/wiki/Angola;SADC;;;;;;;;;;;;
Anguila; 14.869 ; 102,0 ; América ; Caribe ; The Valley ; The Valley ;; 311 ;;;;Anguilla;;AIA;1;.ai;;;;;;;;;;;;;1;;;;;;;;;;;;;;;;;;;Reino Unido;Território ultramarino;1;1;;;;;1;https://pt.wikipedia.org/wiki/Anguilla;;;;;;;;;;;;;
Antártida; -   ; 14.000.000,0 ; Antártida ; Antártida ;;;;;;;;Antarctica;;ATA;;.aq;;;;;;;;;;;;;0;;;;;;;;;;;;;;;;;;;Nenhum;Território internacional;;;;;;;;https://pt.wikipedia.org/wiki/Ant%C3%A1rtida;;;;;;;;;;;;;
Antígua e Barbuda; 96.453 ; 440,0 ; América ; Caribe ; Saint John's ; Saint John's ; 2.533 ; 1.611 ;;0,776;;Antigua and Barbuda;;ATG;1;.ag;;;;;;1;;;1;1;;;1;;;;;;;;1;1;1;;;;;;;;;;;1;1;;;;;1;https://pt.wikipedia.org/wiki/Ant%C3%ADgua_e_Barbuda;CARICOM;;;;;;;;;;;;
Arábia Saudita; 34.218.169 ; 2.149.690,0 ; Ásia ; Oriente médio ; Riade ; Riade ; 1.844.751 ; 786.522 ;;0,857;riyal;Saudi Arabia;as-Su’?diyya;SAU;966;.sa;;;;;;;;;1;;;;1;1;;;;;;;;1;1;1;;;;;;;;;;;;;;3;4;2;https://pt.wikipedia.org/wiki/Ar%C3%A1bia_Saudita;;;;;;;;;;;;;
Argélia; 43.000.000 ; 2.381.741,0 ; África ; Norte da África ; Argel ; Argel ; 666.960 ; 173.757 ;35,3;0,759;dinar;Algeria;al-Jaz??ir;DZA;213;.dz;;;;;;;;;1;;;;1;;;;;;;;;;1;1;;;;;;1;;;;;;;;17;7;;https://pt.wikipedia.org/wiki/Arg%C3%A9lia;UMA;;;;;;;;;;;;
Argentina; 44.938.712 ; 2.780.400,0 ; América ; América do sul ; Buenos Aires ; Buenos Aires ; 959.528 ; 519.487 ;41,2;0,830;peso argentino;Argentina;Argentina;ARG;54;.ar;;;;;;;;;1;;;;1;1;;;;1;;;1;1;1;;;;;;;;;;;;;;5;74;9;9;https://pt.wikipedia.org/wiki/Argentina;Mercosul;;;;;;;;;;;;
Armênia; 2.957.500 ; 29.800,0 ; Europa ; Leste europeu ; Erevã ; Erevã ; 29.908 ; 12.433 ;33,6;0,760;dram;Armenia;Hayastan;ARM;374;.am;;;;;;;1;;1;;;1;1;;;;;;;;;1;1;;;;;;;;;;;;;1;;14;3;;https://pt.wikipedia.org/wiki/Arm%C3%A9nia;CEI;;;;;;;;;;;;
Aruba; 110.108 ; 180,0 ; América ; Caribe ; Oranjestad ; Oranjestad ;; 2.822 ;;;;Aruba;;ABW;297;.aw;;;;;;;;;1;;;;1;;;;;;;;;;;;;;;;;;;Países Baixos;país autônomo;1;1;;;;;;https://pt.wikipedia.org/wiki/Aruba;;;;;;;;;;;;;
Austrália; 25.699.280 ; 7.692.024,0 ; Oceania ; Australásia ; Camberra ; Sidney ; 1.312.534 ; 1.420.045 ;35,8;0,938;dólar australiano;Australia;Australia;AUS;61;.au;1;;;;;;;;1;1;;;1;1;;;;;;1;;1;1;;;;;;;;;;;;;;13;497;19;13;https://pt.wikipedia.org/wiki/Austr%C3%A1lia;;;;;;;;;;;;;
Áustria; 8.902.600 ; 83.853,0 ; Europa ; Europa central ; Viena ; Viena ; 461.432 ; 456.166 ;30,5;0,914;euro;Austria;Österreich;AUT;43;.at;;;;;;;;;1;;;;1;;;;;;;1;;1;1;;;;;1;;;1;;;;;;19;87;9;;https://pt.wikipedia.org/wiki/%C3%81ustria;UE;;;;;;;;;;;;
Azerbaijão; 10.067.108 ; 86.600,0 ; Europa ; Leste europeu ; Baku ; Baku ; 179.276 ; 46.940 ;33,7;0,754;manat;Azerbaijan;Az?rbaycan;AZE;994;.az;;;;;;;1;;1;;;1;1;;;;;;;;;;1;;;;;;;;;;;;;1;1;43;2;;https://pt.wikipedia.org/wiki/Azerbaij%C3%A3o;CEI;;;;;;;;;;;;
Bahamas; 385.340 ; 13.878,0 ; América ; Caribe ; Nassau ; Nassau ; 12.156 ; 12.425 ;;0,805;;Bahamas;;BHS;1;.bs;;;;;;1;;;1;1;;;1;;;;;;;;1;;1;;;;;;;;;;;1;1;;;14;;3;https://pt.wikipedia.org/wiki/Bahamas;CARICOM;;;;;;;;;;;;
Bangladesh; 168.557.578 ; 143.998,0 ; Ásia ; Ásia meridional ; Daca ; Daca ; 751.949 ; 288.424 ;32,4;0,570;taka;Bangladesh;;BGD;880;.bd;;;;;;;;;1;1;;;1;;;;;;;;;1;1;;;1;;;;;;;;;;;2;;3;;https://pt.wikipedia.org/wiki/Bangladesh;SAARC;;;;;;;;;;;;
Barbados; 287.025 ; 430,0 ; América ; Caribe ; Bridgetown ; Bridgetown ; 5.391 ; 5.087 ;;0,813;;Barbados;;BRB;1;.bb;;;;;;1;;;1;1;;;1;;;;;;;;1;1;1;;;;;;;;;;;1;1;;;1;1;1;https://pt.wikipedia.org/wiki/Barbados;CARICOM;;;;;;;;;;;;
Barém; 1.543.300 ; 678,0 ; Ásia ; Oriente médio ; Manama ; Manama ; 74.215 ; 37.746 ;;0,838;dinar bareinita;Bahrain;al-Ba?rayn;BHR;973;.bh;;;;;;;;;1;;;;1;;;;;;;;;1;1;;;;;;;;;;;;1;;;3;2;;https://pt.wikipedia.org/wiki/Bahrein;;;;;;;;;;;;;
Bélgica; 11.524.454 ; 30.519,0 ; Europa ; Europa ocidental ; Bruxelas ; Antuérpia ; 550.664 ; 532.268 ;27,7;0,919;euro;Belgium;België;BEL;32;.be;;;;;;;;;1;;;;1;;;;;;;1;;1;1;;1;;;1;;;1;;;;;;11;154;11;5;https://pt.wikipedia.org/wiki/B%C3%A9lgica;UE;;;;;;;;;;;;
Belize; 408.487 ; 22.965,0 ; América ; América Central ; Belmopan ; Cidade de Belize ; 3.343 ; 1.925 ;53,1;0,720;;Belize;;BLZ;501;.bz;;;;;;1;;;1;1;;;1;;;;;;;;1;1;1;;;;;;;;;;;1;;;;;1;2;https://pt.wikipedia.org/wiki/Belize;CARICOM;;;;;;;;;;;;
Benim; 11.733.059 ; 112.622,0 ; África ; África ocidental ; Porto Novo ; Cotonou ; 27.471 ; 14.269 ;47,8;0,520;franco;Benin;Bénin;BEN;229;.bj;;;;;;;;;1;;;;1;;;;;;;;;1;1;;;;;;1;;;;;;;;;;1;;https://pt.wikipedia.org/wiki/Benim;UEMOA;;;;;;;;;;;;
Bermudas; 64.027 ; 53,0 ; América ; Caribe ; Hamilton ; Hamilton ;; 5.601 ;;;;Bermuda;;BMU;1;.bm;;;;;;;;;1;;;;1;;;;;;;;;;;;;;;;;;;Reino Unido;Território ultramarino;1;1;;;1;;;https://pt.wikipedia.org/wiki/Bermudas;;;;;;;;;;;;;
Bielorrússia; 9.408.400 ; 207.600,0 ; Europa ; Leste europeu ; Minsk ; Minsk ; 188.138 ; 59.643 ;25,4;0,817;rublo biélorrusso;Belarus;Bielarus;BLR;375;.by;;;;;;;1;;1;;;1;1;;;;;;;;;;1;;;;;;;;;;;;;;5;78;4;;https://pt.wikipedia.org/wiki/Bielorr%C3%BAssia;CEI;;;;;;;;;;;;
Bolívia; 11.469.896 ; 1.098.581,0 ; América ; América do Sul ; Sucre ; Santa Cruz de la Sierra ; 88.866 ; 40.581 ;44,0;0,703;boliviano;Bolivia;Bolivia;BOL;591;.bo;;;;1;;;;;1;;;;1;;;;;;;;1;1;1;;;;;;;;;;;;;;;;6;;https://pt.wikipedia.org/wiki/Bol%C3%ADvia;CAN;;;;;;;;;;;;
Bonaire; 18.095 ; 294,0 ; América ; Caribe ; Kralendijk ; Kralendijk ;;;;;;;;;;;;;;;;;;;;;;;0;;;;;;;;;;;;;;;;;;;;;;;;;;;;https://pt.wikipedia.org/wiki/Bonaire;;;;;;;;;;;;;
Bósnia e Herzegovina; 3.301.000 ; 51.129,0 ; Europa ; Europa meridional ; Sarajevo ; Sarajevo ; 47.097 ; 20.162 ;33,0;0,769;marco conversível;Bosnia and Herzegovina;Bosna i Hercegovina;BIH;387;.ba;;;;;;;;;1;;;;1;;;;;;;;;;1;;;;;;;;;;;;;;2;;3;;https://pt.wikipedia.org/wiki/B%C3%B3snia_e_Herzegovina;;;;;;;;;;;;;
Botsuana; 2.338.851 ; 581.730,0 ; África ; África austral ; Gaborone ; Gaborone ; 41.556 ; 18.615 ;53,3;0,728;pula;Botswana;Botswana;BWA;267;.bw;;;;;;;;;1;1;;;1;;;;;;;;;1;1;;;;1;;;;;;;;;;;1;1;3;https://pt.wikipedia.org/wiki/Botswana;SADC;;;;;;;;;;;;
Brasil; 211.482.342 ; 8.515.767,0 ; América ; América do Sul ; Brasília ; São Paulo ; 3.388.962 ; 1.867.818 ;53,3;0,761;real;Brazil;Brasil;BRA;55;.br;;;1;;;;;;1;;;;1;1;;;;1;;;1;1;1;;;;;;;;;;;;;;;129;21;47;https://pt.wikipedia.org/wiki/Brasil;Mercosul;;;;;;;;;;;;
Brunei; 442.400 ; 5.765,0 ; Ásia ; Sudeste asiático ; Bandar Seri Begawan ; Bandar Seri Begawan ; 34.637 ; 13.568 ;;0,845;dólar de Brunei;Brunei;Brunei;BRN;673;.bn;1;1;;;;;;;1;1;;;1;;;;;;;;;1;1;;;;;;;;;;;;1;;;;;;https://pt.wikipedia.org/wiki/Brunei;ASEAN;;;;;;;;;;;;
Bulgária; 6.951.482 ; 110.912,0 ; Europa ; Leste europeu ; Sofia ; Sofia ; 162.568 ; 65.197 ;37,4;0,816;lev;Bulgaria;Bâlgariya;BGR;359;.bg;;;;;;;;;1;;;;1;;;;;;;;;1;1;;1;;;1;;;;;;;;;1;218;9;;https://pt.wikipedia.org/wiki/Bulg%C3%A1ria;UE;;;;;;;;;;;;
Burquina Faso; 20.870.060 ; 274.200,0 ; África ; África ocidental ; Ouagadougou ; Ouagadougou ; 38.794 ; 14.138 ;35,3;0,434;franco CFA;Burkina Faso;Burkina Faso;BFA;226;.bf;;;;;;;;;1;;;;1;;;;;;;;;1;1;;;;;;1;;;;;;;;;;1;;https://pt.wikipedia.org/wiki/Burkina_Faso;UEMOA;;;;;;;;;;;;
Burundi; 10.953.317 ; 27.834,0 ; África ; África central ; Bujumbura ; Bujumbura ; 8.184 ; 3.436 ;38,6;0,423;franco de Burundi;Burundi;Burundi;BDI;257;.bi;;;;;1;;;;1;;;;1;;;;;;;;;1;1;;;;;;;;;;;;;;;1;;;https://pt.wikipedia.org/wiki/Burundi;CAO;;;;;;;;;;;;
Butão; 741.672 ; 47.000,0 ; Ásia ; Ásia meridional ; Thimbu ; Thimbu ; 7.701 ; 2.582 ;38,1;0,605;ngultrum;Bhutan;Dru Ü;BTN;975;.bt;;;;;;;;;1;;;;1;;;;;;;;;;1;;;1;;;;;;;;;;;;;;1;https://pt.wikipedia.org/wiki/But%C3%A3o;SAARC;;;;;;;;;;;;
Cabo Verde; 550.483 ; 4.033,0 ; África ; África ocidental ; Praia ; Praia ; 3.983 ; 1.979 ;50,5;0,646;;Cape Verde;;CPV;238;.cv;;;;;;;;;1;;;;1;;;;;;;;;1;1;;;;;;;;;;;1;1;;;;1;;https://pt.wikipedia.org/wiki/Cabo_Verde;;;;;;;;;;;;;
Camarões; 26.545.864 ; 475.442,0 ; África ; África central ; Yaoundé ; Douala ; 94.540 ; 38.712 ;46,6;0,563;franco CFA;Cameroon;Cameroun;CMR;237;.cm;;;;;;;;1;1;1;;;1;;;;;;;;;1;1;;;;;;;;;;;;;;;6;2;;https://pt.wikipedia.org/wiki/Camar%C3%B5es;CEMAC;;;;;;;;;;;;
Camboja; 15.288.489 ; 181.035,0 ; Ásia ; Sudeste asiático ; Phnom Penh ; Phnom Penh ; 70.242 ; 24.444 ;37,9;0,581;riel;Cambodia;Kâmp?chéa;KHM;855;.kh;;1;;;;;;;1;;;;1;;;;;;;;;1;1;;;;;;;;;;;;;;;;2;1;https://pt.wikipedia.org/wiki/Camboja;ASEAN;;;;;;;;;;;;
Canadá; 38.017.693 ; 9.984.670,0 ; América ; América do Norte ; Ottawa ; Toronto ; 1.847.081 ; 1.712.479 ;34,0;0,922;dólar canadenste;Canada;Canada;CAN;1;.ca;1;;;;;;;;1;1;;;1;1;1;;;;1;1;1;1;1;;1;;;;;;;;;;;;24;302;17;21;https://pt.wikipedia.org/wiki/Canad%C3%A1;NAFTA;;;;;;;;;;;;
Canárias; 2.117.519 ; 7.447,0 ; África ; Norte da África ; Tenerife ;;;;;;;Canary Islands;;;;;;;;;;;;;;;;;0;;;;;;;;;;;;;;;;;;;Espanha;Região autônoma;;;;;;;;https://pt.wikipedia.org/wiki/Can%C3%A1rias;;;;;;;;;;;;;
Catar; 2.747.282 ; 11.000,0 ; Ásia ; Oriente médio ; Doha ; Doha ; 357.338 ; 191.362 ;41,1;0,848;rial;Qatar;Qatar;QAT;974;.qa;;;;;;;;;1;;;;1;;;;;;;;;1;1;1;;;;;;;;;;;;;;5;1;;https://pt.wikipedia.org/wiki/Catar;;;;;;;;;;;;;
Cazaquistão; 18.694.800 ; 2.724.900,0 ; Ásia ; Ásia central ; Astana ; Almaty ; 503.893 ; 172.941 ;29,0;0,817;tenge;Kazakhstan;Qazaqstan;KAZ;7;.kz;;;;;;;1;;1;;;1;1;;;;;;;;;1;1;;;;;;;;;;;;;1;;63;4;;https://pt.wikipedia.org/wiki/Cazaquist%C3%A3o;CEI;;;;;;;;;;;;
Chade; 16.244.513 ; 1.284.000,0 ; África ; África central ; N'Djamena ; N'Djamena ; 30.232 ; 11.051 ;43,3;0,401;franco CFA;Chad;Tš?d;TCD;235;.td;;;;;;;;1;1;;;;1;;;;;;;;;1;1;;;;;;;;;;;;;;;;1;;https://pt.wikipedia.org/wiki/Chade;CEMAC;;;;;;;;;;;;
Chile; 19.107.216 ; 756.945,0 ; América ; América do Sul ; Santiago ; Santiago ; 476.815 ; 298.180 ;46,6;0,847;peso chileno;Chile;Chile;CHL;56;.cl;1;;;;;;;;1;;;;1;;;;;;;1;1;1;1;;;;;;;;;;;;;;2;13;5;5;https://pt.wikipedia.org/wiki/Chile;;;;;;;;;;;;;
China; 1.402.509.320 ; 9.596.961,0 ; Ásia ; Ásia oriental ; Pequim ; Xangai ; 25.238.563 ; 13.368.073 ;38,6;0,758;yuan;China;;CHN;86;.cn;1;;1;;;;;;1;;;;1;1;;;;;;;;1;1;;;;;;;;;;;;;;10;546;48;12;https://pt.wikipedia.org/wiki/Rep%C3%BAblica_Popular_da_China;;;;;;;;;;;;;
Chipre; 875.900 ; 9.251,0 ; Europa ; Europa meridional ; Nicósia ; Nicósia ; 33.460 ; 24.493 ;34,0;0,873;euro;Cyprus;Kýpros;CYP;357;.cy;;;;;;;;;1;1;;;1;;;;;;;;;1;1;;;;;1;;;1;;;;1;1;1;1;3;;https://pt.wikipedia.org/wiki/Chipre;UE;;;;;;;;;;;;
Chipre do Norte; 351.965 ; 3.355,0 ; Europa ; Europa meridional ; Nicósia do Norte ;;;;;;;;;;;;;;;;;;;;;;;;0;;;;;;;;;;;;;;;;;;;Chipre;Em disputa separatista;;;;;;;;https://pt.wikipedia.org/wiki/Rep%C3%BAblica_Turca_de_Chipre_do_Norte;;;;;;;;;;;;;
Colômbia; 49.395.678 ; 1.138.914,0 ; América ; América do Sul ; Bogotá ; Bogotá ; 750.276 ; 330.974 ;49,7;0,761;peso colombiano;Colombia;Colômbia;COL;57;.co;;;;1;;;;;1;;;;1;;;;;;;;1;1;1;;;;;;;;;;;;;;2;28;7;2;https://pt.wikipedia.org/wiki/Col%C3%B4mbia;CAN;;;;;;;;;;;;
Comores; 873.724 ; 2.235,0 ; África ; África oriental ; Moroni ; Moroni ; 1.384 ; 1.184 ;45,3;0,538;;Comoros;;COM;269;.km;;;;;;;;;1;;;;1;;;;;;;;;;1;;;;;;;;;;;1;1;;;;;;https://pt.wikipedia.org/wiki/Comores;;;;;;;;;;;;;
Coreia do Norte; 25.450.000 ; 120.538,0 ; Ásia ; Ásia oriental ; Pyongyang ; Pyongyang ;; 17.396 ;;;won norte coreano;North Korea;Chos?n'g?l:;PRK;850;kp;;;;;;;;;1;;;;1;;;;;;;;;;1;;;;;;;;;;;;;;;47;1;;https://pt.wikipedia.org/wiki/Coreia_do_Norte;;;;;;;;;;;;;
Coreia do Sul; 51.780.579 ; 99.016,0 ; Ásia ; Ásia oriental ; Seul ; Seul ; 2.138.242 ; 1.720.489 ;31,6;0,906;won;South Korea;Daehan Minguk;KOR;82;.kr;1;;;;;;;;1;;;;1;1;;;;;;1;;1;1;;;;;;;;;;;;;;1;267;12;;https://pt.wikipedia.org/wiki/Coreia_do_Sul;;;;;;;;;;;;;
Costa do Marfim; 25.823.071 ; 322.463,0 ; África ; África ocidental ; Abidjã ; Abidjã ; 106.412 ; 43.048 ;41,5;0,516;franco CFA;Ivory Coast;Côte d'Ivoire;CIV;225;.ci;;;;;;;;;1;;;;1;;;;;;;;;1;1;;;;;;1;;;;;;;;;3;4;;https://pt.wikipedia.org/wiki/Costa_do_Marfim;UEMOA;;;;;;;;;;;;
Costa Rica; 5.058.007 ; 51.100,0 ; América ; América Central ; San José ; San José ; 88.844 ; 60.464 ;48,3;0,794;colón costa riquenho;Costa Rica;Costa Rica;CRI;506;.cr;;;;;;;;;1;;;;1;;;;1;;;;1;1;1;;;;;;;;;;;;;;1;4;3;2;https://pt.wikipedia.org/wiki/Costa_Rica;MCCA;;;;;;;;;;;;
Croácia; 4.076.246 ; 56.538,0 ; Europa ; Europa meridional ; Zagreb ; Zagreb ; 106.548 ; 60.805 ;31,1;0,837;kuna croata;Croatia;Hrvatska;HRV;385;.hr;;;;;;;;;1;;;;1;;;;;;;;;1;1;;1;;;1;;;;;;;;;2;33;7;;https://pt.wikipedia.org/wiki/Cro%C3%A1cia;UE;;;;;;;;;;;;
Cuba; 11.209.628 ; 110.861,0 ; América ; Caribe ; Havana ; Havana ;; 82.775 ;;0,778;peso;Cuba;Cuba;CUB;53;.cu;;;;;;;;;1;;;;1;;;;;;;;1;1;1;;;;;;;;;;;;1;;;226;9;3;https://pt.wikipedia.org/wiki/Cuba;;;;;;;;;;;;;
Curaçao; 158.986 ; 444,0 ; América ; Caribe ; Willemstad ; Willemstad ;; 3.159 ;;;;Curaçao;;CUW;;;;;;;;;;;;;;;1;;;;;;;;;;;;;;;;;;;Países Baixos;país autônomo;;1;;;;;;https://pt.wikipedia.org/wiki/Cura%C3%A7ao;;;;;;;;;;;;;
Dinamarca; 5.822.763 ; 43.077,0 ; Europa ; Europa Setentrional ; Copenhague ; Copenhague ; 299.166 ; 352.058 ;28,2;0,930;coroa;Denmark;Danmark;DNK;45;.dk;;;;;;;;;1;;;;1;;;;;;;1;;1;1;;1;;;1;;;;;;;;;14;194;6;5;https://pt.wikipedia.org/wiki/Dinamarca;UE;;;;;;;;;;;;
Djibuti; 1.078.373 ; 23.200,0 ; África ; África oriental ; Djbuti ; Djbuti ; 3.964 ; 2.923 ;41,6;0,495;franco djboutiano;Djibouti;J?b?t?;DJI;253;.dj;;;;;;;;;1;;;;1;;;1;;;;;;1;1;;;;;;;;;;;;;;;1;;;https://pt.wikipedia.org/wiki/Djibouti;IGAD;;;;;;;;;;;;
Domínica; 71.808 ; 751,0 ; América ; Caribe ; Roseau ; Roseau ; 672 ; 533 ;;0,724;;Dominica;;DMA;1;.dm;;;;;;1;;;1;1;;;1;;;;;;;;1;1;1;;;;;;;;;;;1;1;;;;1;1;https://pt.wikipedia.org/wiki/Dominica;CARICOM;;;;;;;;;;;;
Egito; 100.336.647 ; 1.001.049,0 ; África ; Norte da África ; Cairo ; Cairo ; 1.292.745 ; 249.559 ;31,8;0,700;libra egípcia;Egypt;Mi?r;EGY;20;.eg;;;;;;;;;1;;;;1;;;;;;;;;1;1;;;;;;;;;;;;;1;4;32;7;9;https://pt.wikipedia.org/wiki/Egito;;;;;;;;;;;;;
El Salvador; 6.486.201 ; 21.041,0 ; América ; América Central ; San Salvador ; San Salvador ; 59.626 ; 26.057 ;38,0;0,666;dólar americano;El Salvador;El Salvador;SLV;503;.sv;;;;;;;;;1;;;;1;;;;1;;;;1;1;1;;;;;;;;;;;;;;;;1;;https://pt.wikipedia.org/wiki/El_Salvador;MCCA;;;;;;;;;;;;
Emirados Árabes Unidos; 9.890.400 ; 83.600,0 ; Ásia ; Oriente médio ; Abu Dhabi ; Dubai ; 716.173 ; 414.179 ;;0,866;dirham dos emirados;United Arab Emirates;Dawlat al-Im?r?t al-‘Arab?yah al-Mutta?idah;ARE;971;.ae;;;;;;;;;1;;;;1;;;;;;;;;1;1;1;;;;;;;;;;;;;;2;1;2;https://pt.wikipedia.org/wiki/Emirados_%C3%81rabes_Unidos;;;;;;;;;;;;;
Equador; 17.479.032 ; 283.561,0 ; América ; América do Sul ; Quito ; Guayaquil ; 201.976 ; 108.398 ;44,7;0,758;dólar americano;Ecuador;Ecuador;ECU;593;.ec;;;;1;;;;;1;;;;1;;;;;;;;1;1;1;1;;;;;;;;;;;;;;2;4;3;https://pt.wikipedia.org/wiki/Equador;CAN;;;;;;;;;;;;
Eritreia; 3.497.117 ; 117.600,0 ; África ; África oriental ; Asmara ; Asmara ; 9.997 ; 2.007 ;;0,434;nakfa;Eritrea;Iritriy?;ERI;291;.er;;;;;;;;;1;;;;1;;;1;;;;;;;1;;;;;;;;;;;;;;;1;;;https://pt.wikipedia.org/wiki/Eritreia;IGAD;;;;;;;;;;;;
Escócia; 5.373.000 ; 78.772,0 ; Europa ; Europa Setentrional ; Glasgow ;;; 245.267 ;;;libra esterlina;Scotland;Scotland;GBR;;.scot;;;;;;;;;;;;;1;;;;;;;;;;;;;;;;;;;Reino Unido;País do Reino Unido;;1;;;;;10;https://pt.wikipedia.org/wiki/Esc%C3%B3cia;;;;;;;;;;;;;
Eslováquia; 5.457.873 ; 49.035,0 ; Europa ; Europa central ; Bratislava ; Bratislava ; 190.778 ; 106.573 ;26,0;0,857;euro;Slovakia;Slovenská republika;SVK;421;.sk;;;;;;;;;1;;;;1;;;;;;;1;;1;1;;1;;;1;;;1;;;;;;;28;7;;https://pt.wikipedia.org/wiki/Eslov%C3%A1quia;UE;;;;;;;;;;;;
Eslovênia; 2.094.060 ; 20.251,0 ; Europa ; Europa meridional ; Liubliana ; Liubliana ; 75.604 ; 54.059 ;31,2;0,902;euro;Slovenia;Slovenija;SVN;386;.si;;;;;;;;;1;;;;1;;;;;;;1;;1;1;;1;;;1;;;1;;;;;;1;23;3;;https://pt.wikipedia.org/wiki/Eslov%C3%A9nia;UE;;;;;;;;;;;;
Espanha; 47.100.396 ; 504.782,0 ; Europa ; Europa meridional ; Madrid ; Madrid ; 1.864.105 ; 1.427.533 ;34,7;0,893;euro;Spain;España;ESP;34;.es;;;;;;;;;1;;;;1;;;;;;;1;;1;1;;1;;;1;;;1;;;;;;7;150;44;18;https://pt.wikipedia.org/wiki/Espanha;UE;;;;;;;;;;;;
Estados Unidos; 329.634.908 ; 9.371.174,0 ; América ; América do Norte ; Washington ; Nova Iorque ; 20.412.870 ; 20.580.250 ;41,5;0,920;dólar americano;United States;United States of America;USA;1;.us;1;;;;;;;;1;;;;1;1;1;;;;1;1;1;1;1;;1;;;;;;;;;;;;379;2522;23;113;https://pt.wikipedia.org/wiki/Estados_Unidos;NAFTA;;;;;;;;;;;;
Estônia; 1.328.360 ; 45.100,0 ; Europa ; Europa Setentrional ; Talin ; Talin ; 44.177 ; 30.761 ;32,7;0,882;euro;Estonia;Eesti;EST;372;.ee;;;;;;;;;1;;;1;1;;;;;;;1;;1;1;;1;;;1;;;1;;;;;;;34;2;;https://pt.wikipedia.org/wiki/Est%C3%B3nia;UE;;;;;;;;;;;;
Etiópia; 98.665.000 ; 1.104.300,0 ; África ; África oriental ; Adis Abeba ; Adis Abeba ; 222.258 ; 80.289 ;35,0;0,470;birr etíope;Ethiopia;ye-?ty???y?;ETH;251;.et;;;;;;;;;1;;;;1;;;1;;;;;;;1;;;;;;;;;;;;;;;54;9;1;https://pt.wikipedia.org/wiki/Eti%C3%B3pia;IGAD;;;;;;;;;;;;
Faroé; 52.337 ; 1.399,0 ; Europa ; Europa Setentrional ; Tórshavn ; Tórshavn ;;;;;;Faroe Islands;;FRO;298;.fo;;;;;;;;;;;;;1;;;;;;;;;;;;;;;;;;;Dinamarca;Território autônomo;1;1;;1;;;;https://pt.wikipedia.org/wiki/Ilhas_Feroe;;;;;;;;;;;;;
Fiji; 884.887 ; 18.274,0 ; Oceania ; Melanésia ; Suva ; Suva ; 9.158 ; 5.524 ;36,7;0,724;;Fiji;;FJI;679;.fj;;;;;;;;;1;1;;;1;;;;;;;;;1;1;;;;;;;;;;;1;1;;;1;1;5;https://pt.wikipedia.org/wiki/Fiji;;;;;;;;;;;;;
Filipinas; 108.584.658 ; 300.000,0 ; Ásia ; Sudeste asiático ; Manila ; Cidade Quezon ; 955.219 ; 330.910 ;43,0;0,712;peso filipino;Philippines;Pilipinas;PHL;63;.ph;1;1;;;;;;;1;;;;1;;;;;;;;;1;1;;;;;;;;;;;;;;;10;6;2;https://pt.wikipedia.org/wiki/Filipinas;ASEAN;;;;;;;;;;;;
Finlândia; 5.528.390 ; 338.145,0 ; Europa ; Europa Setentrional ; Helsinque ; Helsinque ; 255.976 ; 274.210 ;27,1;0,925;euro;Finland;Finland;FIN;358;.fi;;;;;;;;;1;;;;1;;;;;;;1;;1;1;;;;;1;;;1;;;;;;5;303;7;5;https://pt.wikipedia.org/wiki/Finl%C3%A2ndia;UE;;;;;;;;;;;;
França; 67.075.000 ; 551.500,0 ; Europa ; Europa ocidental ; Paris ; Paris ; 2.960.251 ; 2.780.152 ;32,7;0,891;euro;France;France;FRA;33;.fr;;;;;;;;;1;;;;1;1;1;;;;;1;;1;1;;1;;;1;;;1;;;;;;70;716;41;29;https://pt.wikipedia.org/wiki/Fran%C3%A7a;UE;;;;;;;;;;;;
Gabão; 2.172.579 ; 267.667,0 ; África ; África central ; Libreville ; Libreville ; 38.582 ; 16.875 ;38,0;0,702;franco CFA;Gabon;République gabonaise;GAB;241;.ga;;;;;;;;1;1;;;;1;;;;;;;;;1;1;1;;;;;;;;;;;;;;1;1;;https://pt.wikipedia.org/wiki/Gab%C3%A3o;CEMAC;;;;;;;;;;;;
Gâmbia; 2.347.706 ; 11.295,0 ; África ; África ocidental ; Banjul ; Serekunda ; 3.884 ; 1.625 ;25,9;0,466;dalasi;Gambia;Gambia;GMB;220;.gm;;;;;;;;;1;1;;;1;;;;;;;;;1;1;;;;;;;;;;;;;;;;2;;https://pt.wikipedia.org/wiki/G%C3%A2mbia;;;;;;;;;;;;;
Gana; 30.280.811 ; 238.533,0 ; África ; África ocidental ; Acra ; Acra ; 145.387 ; 65.518 ;43,5;0,596;cedi;Ghana;Ghana;GHA;233;.gh;;;;;;;;;1;1;;;1;;;;;;;;;1;1;;;;;;;;;;;;;;1;4;2;;https://pt.wikipedia.org/wiki/Gana;;;;;;;;;;;;;
Geórgia; 3.723.464 ; 69.700,0 ; Europa ; Leste europeu ; Tbilisi ; Tbilisi ; 42.407 ; 16.209 ;37,9;0,786;lari;Georgia;Sakartvelo;GEO;995;.ge;;;;;;;;;1;;;1;1;;;;;;;;;1;1;;;;;;;;;;;;;1;;33;3;;https://pt.wikipedia.org/wiki/Ge%C3%B3rgia;;;;;;;;;;;;;
Geórgia do Sul e Sandwich do Sul; 1.300 ; 4.092,0 ; América ; América do Sul ;;;;;;;;South Georgia;;SGS;;.gs;;;;;;;;;;;;;0;;;;;;;;;;;;;;;;;;;Reino Unido;Território ultramarino;1;1;;;;;;https://pt.wikipedia.org/wiki/Ge%C3%B3rgia_do_Sul;;;;;;;;;;;;;
Gibraltar; 33.691 ; 6,5 ; Europa ; Europa meridional ; Gibraltar ; Gibraltar ;;;;;;Gibraltar;;GIB;350;.gi;;;;;;;;;;;;;1;;;;;;;;;;;;;;;;;;;Reino Unido;Território ultramarino;1;;;;;;;https://pt.wikipedia.org/wiki/Gibraltar;;;;;;;;;;;;;
Granada; 112.003 ; 344,0 ; América ; Caribe ; Saint George's ; Saint George's ; 1.701 ; 1.185 ;;0,763;;Grenada;;GRD;1;.gd;;;;;;1;;;1;1;;;1;;;;;;;;1;1;1;;;;;;;;;;;1;1;;;2;;;https://pt.wikipedia.org/wiki/Granada_(pa%C3%ADs);CARICOM;;;;;;;;;;;;
Grécia; 10.724.599 ; 131.990,0 ; Europa ; Europa meridional ; Atenas ; Atenas ; 311.647 ; 218.230 ;36,0;0,872;euro;Greece;Elláda;GRC;30;.gr;;;;;;;;;1;;;;1;;;;;;;1;;1;1;;1;;;1;;;1;;;;;;2;116;17;9;https://pt.wikipedia.org/wiki/Gr%C3%A9cia;UE;;;;;;;;;;;;
Groenlândia; 56.081 ; 2.166.086,0 ; América ; América do Norte ; Nuuk ; Nuuk ;; 2.441 ;;;;Greenland;Grønland;GRL;299;.gl;;;;;;;;;;;;;0;;;;;;;;;;;;;;;;;;;Dinamarca;Território autônomo;;1;;;;;;https://pt.wikipedia.org/wiki/Gronel%C3%A2ndia;;;;;;;;;;;;;
Guadalupe; 403.750 ; 1.628,0 ; América ; Caribe ; Basse Terre ; Pointe a Pitre ;;;;;;Guadeloupe;;GLP;590;.gp;;;;;;;;;;;;;0;;;;;;;;;;;;;;;;;;;França;Departamento ultramarino;;1;;;;;1;https://pt.wikipedia.org/wiki/Guadalupe;;;;;;;;;;;;;
Guam; 172.400 ; 549,0 ; Oceania ; Micronésia ; Hagåtña ; Hagåtña ;;;;;;Guam;;GUM;671;.gu;;;;;;;;;1;;;;1;;;;;;;;;;;;;;;;;;;Estados Unidos;Território americano;1;1;;;;;;https://pt.wikipedia.org/wiki/Guam;;;;;;;;;;;;;
Guatemala; 16.604.026 ; 108.889,0 ; América ; América Central ; Cidade da Guatemala ; Cidade da Guatemala ; 145.514 ; 78.461 ;48,3;0,627;quetzel;Guatemala;Guatemala;GTM;502;.gt;;;;;;;;;1;;;;1;;;;1;;;;1;1;1;;;;;;;;;;;;;;2;1;3;3;https://pt.wikipedia.org/wiki/Guatemala;MCCA;;;;;;;;;;;;
Guernsey; 62.792 ; 78,0 ; Europa ; Europa Setentrional ; Saint Peter Port ;;;;;;;Guernsey;;GGY;;.gg;;;;;;;;;;;;;0;;;;;;;;;;;;;;;;;;;Reino Unido;Dependência da Coroa britânica;1;;;;;;;https://pt.wikipedia.org/wiki/Guernsey;;;;;;;;;;;;;
Guiana; 782.766 ; 214.969,0 ; América ; América do Sul ; Georgetown ; Georgetown ; 6.657 ; 3.899 ;44,5;0,636;dólar guianense;Guyana;Guyana;GUY;592;.gy;;;;;;1;;;1;1;;;1;;;;;;;;1;1;1;;;;;;;;;;;;;;;1;;;https://pt.wikipedia.org/wiki/Guiana;CARICOM;;;;;;;;;;;;
Guiana Francesa; 250.109 ; 90.000,0 ; América ; América do Sul ; Caiena ; Caiena ;;;;;euro;Guyana;Guyane;GUF;594;.gf;;;;;;;;;;;;;0;;;;;;;;;;;;;;;;;;;França;Departamento ultramarino;;;;;;;;https://pt.wikipedia.org/wiki/Guiana_Francesa;;;;;;;;;;;;;
Guiné; 12.218.357 ; 245.857,0 ; África ; África ocidental ; Conacri ; Conacri ; 28.637 ; 12.099 ;33,7;0,466;franco guineense;Guinea;Guinée;GIN;224;.gn;;;;;;;;;1;;;;1;;;;;;;;;1;1;;;;;;;;;;;;;;;;1;;https://pt.wikipedia.org/wiki/Guin%C3%A9;;;;;;;;;;;;;
Guiné Bissau; 1.604.528 ; 36.125,0 ; África ; África ocidental ; Bissau ; Bissau ; 3.385 ; 1.429 ;35,5;0,461;franco CFA;Guinea-Bissau;Guiné Bissau;GNB;245;.gw;;;;;;;;;1;;;;1;;;;;;;;;1;1;;;;;;;;;;;;;;;;;;https://pt.wikipedia.org/wiki/Guin%C3%A9-Bissau;;;;;;;;;;;;;
Guiné Equatorial; 1.358.276 ; 28.051,0 ; África ; África central ; Malabo ; Bata ; 28.410 ; 13.734 ;;0,588;franco CFA;Equatorial Guinea;Guiné Equatorial;GNQ;240;.gq;;;;;;;;1;1;;;;1;;;;;;;;;1;1;;;;;;;;;;;;;;;;;;https://pt.wikipedia.org/wiki/Guin%C3%A9_Equatorial;CEMAC;;;;;;;;;;;;
Haiti; 11.577.779 ; 27.750,0 ; América ; Caribe ; Porto Príncipe ; Porto Príncipe ; 20.794 ; 9.658 ;41,1;0,503;gourde;Haiti;Haiti;HTI;509;.ht;;;;;;1;;;1;;;;1;;;;;;;;1;1;1;;;;;;;;;;;;1;;;2;1;;https://pt.wikipedia.org/wiki/Haiti;CARICOM;;;;;;;;;;;;
Honduras; 9.158.345 ; 112.088,0 ; América ; América Central ; Tegucigalpa ; Tegucigalpa ; 48.882 ; 23.803 ;50,5;0,606;lempira;Honduras;Honduras;HND;504;.hn;;;;;;;;;1;;;;1;;;;1;;;;1;1;1;;;;;;;;;;;;;;;;2;1;https://pt.wikipedia.org/wiki/Honduras;MCCA;;;;;;;;;;;;
Hong Kong; 7.500.700 ; 1.099,0 ; Ásia ; Ásia oriental ; Hong Kong ;; 482.101 ; 362.721 ;43,4;0,939;;Hong Kong;;HKG;852;.hk;1;;;;;;;;;;;;1;;;;;;;;;1;;;;;;;;;;China;Região administrativa especial;;;;2;3;;;https://pt.wikipedia.org/wiki/Hong_Kong;;;;;;;;;;;;;
Hungria; 9.772.756 ; 93.032,0 ; Europa ; Europa central ; Budapeste ; Budapeste ; 306.787 ; 161.182 ;30,4;0,845;florim húngaro;Hungary;Magyarország;HUN;36;.hu;;;;;;;;;1;;;;1;;;;;;;1;;1;1;;1;;;1;;;;;;;;;12;491;8;4;https://pt.wikipedia.org/wiki/Hungria;UE;;;;;;;;;;;;
Iêmen; 29.825.968 ; 527.968,0 ; Ásia ; Oriente médio ; Sana ; Sana ; 39.267 ; 27.591 ;37,7;0,463;rial iemenita;Yemen;al-Yaman;YEM;967;.ye;;;;;;;;;1;;;;1;;;;;;;;;1;1;;;;;;;;;;;;;;1;;4;2;https://pt.wikipedia.org/wiki/Emirados_%C3%81rabes_Unidos;;;;;;;;;;;;;
Ilha Bouvet; -   ; 49,0 ; América ; América do Sul ;;;;;;;;Bouvet Island;;BVT;;.bv;;;;;;;;;;;;;0;;;;;;;;;;;;;;;;;;;Noruega;Pocessão norueguesa;1;1;;;;;;https://pt.wikipedia.org/wiki/Ilha_Bouvet;;;;;;;;;;;;;
Ilha da Madeira; 262.456 ; 801,0 ; África ; Norte da África ; Funchal ;;;;;;;Madeira;;;;;;;;;;;;;;;;;0;;;;;;;;;;;;;;;;;;;Portugual;Região autônoma;;1;;;;;1;https://pt.wikipedia.org/wiki/Regi%C3%A3o_Aut%C3%B3noma_da_Madeira;;;;;;;;;;;;;
Ilha de Clipperton; -   ; 7,0 ; Oceania ; Polinésia ;;;;;;;;Clipperton Island;;;;;;;;;;;;;;;;;0;;;;;;;;;;;;;;;;;;;França;Pocessão francesa;1;1;;;;;;https://pt.wikipedia.org/wiki/Ilha_de_Clipperton;;;;;;;;;;;;;
Ilha de Man; 83.314 ; 572,0 ; Europa ; Europa Setentrional ; Douglas ;;;;;;;Isle of Man;;IMN;;.im;;;;;;;;;;;;;0;;;;;;;;;;;;;;;;;;;Reino Unido;Dependência da Coroa britânica;1;1;;;;;;https://pt.wikipedia.org/wiki/Ilha_de_Man;;;;;;;;;;;;;
Ilha de Navassa; -   ; 5,0 ; América ; Caribe ;;;;;;;;Navassa Island;;;;;;;;;;;;;;;;;0;;;;;;;;;;;;;;;;;;;Estados Unidos;Território não incorporado;1;1;;;;;;https://pt.wikipedia.org/wiki/Ilha_de_Navassa;;;;;;;;;;;;;
Ilha do Natal; 1.928 ; 135,0 ; Oceania ; Australásia ; The Settlement ;;;;;;;Christmas Island;;CXR;672;.cx;;;;;;;;;;;;;0;;;;;;;;;;;;;;;;;;;Austrália;Território australiano;1;1;;;;;;https://pt.wikipedia.org/wiki/Ilha_Christmas;;;;;;;;;;;;;
Ilha Jan Mayen; 18 ; 373,0 ; Europa ; Europa Setentrional ; Olonkinbyen ; Olonkinbyen ;;;;;;Jan Mayen;;SJM;;.sj;;;;;;;;;;;;;0;;;;;;;;;;;;;;;;;;;Noruega;Pocessão norueguesa;1;1;;;;;;https://pt.wikipedia.org/wiki/Jan_Mayen;;;;;;;;;;;;;
Ilha Norfolk; 1.756 ; 34,6 ; Oceania ; Australásia ; Kingston ; Kingston ;;;;;;Norfolk Island;;NFK;672;.nf;;;;;;;;;;;;;0;;;;;;;;;;;;;;;;;;;Austrália;Território australiano;1;1;;;;;;https://pt.wikipedia.org/wiki/Ilha_Norfolk;;;;;;;;;;;;;
Ilha Wake; 180 ; 19,0 ; Oceania ; Polinésia ;;;;;;;;Wake Island;;;;;;;;;;;;;;;;;0;;;;;;;;;;;;;;;;;;;Estados Unidos;Território não incorporado;1;1;;;;;;https://en.wikipedia.org/wiki/Wake_Island;;;;;;;;;;;;;
Ilhas Ashmore e Cartier; -   ; 5,0 ; Oceania ; Australásia ;;;;;;;;Ashmore and Cartier Islands;;;;;;;;;;;;;;;;;0;;;;;;;;;;;;;;;;;;;Austrália;Território australiano;1;;;;;;;https://pt.wikipedia.org/wiki/Ilhas_Ashmore_e_Cartier;;;;;;;;;;;;;
Ilhas Caimão; 65.813 ; 264,0 ; América ; Caribe ; George town ; George town ;; 3.480 ;;;;Cayman Islands;;CYM;1;.ky;;;;;;;;;1;;;;1;;;;;;;;;;;;;;;;;;;Reino Unido;Território ultramarino;1;1;;;;;1;https://pt.wikipedia.org/wiki/Ilhas_Cayman;;;;;;;;;;;;;
Ilhas Cocos; 538 ; 14,0 ; Oceania ; Australásia ;;;;;;;;Cocos (Keeling) Islands;;CCK;672;.cc;;;;;;;;;;;;;0;;;;;;;;;;;;;;;;;;;Austrália;Território australiano;1;1;;;;;;https://pt.wikipedia.org/wiki/Ilhas_Cocos_(Keeling);;;;;;;;;;;;;
Ilhas Cook; 15.200 ; 236,0 ; Oceania ; Polinésia ; Avarua ;;; 311 ;;;;Cook Islands;;COK;682;.ck;;;;;;;;;1;;;;1;;;;;;;;;;;;;;;;;;;Nova Zelândia;Território livre associado;1;1;;;;;2;https://pt.wikipedia.org/wiki/Ilhas_Cook;;;;;;;;;;;;;
Ilhas do mar de coral; -   ; 3,0 ; Oceania ; Australásia ;;;;;;;;Coral Sea Islands;;;;;;;;;;;;;;;;;0;;;;;;;;;;;;;;;;;;;Austrália;Território australiano;1;1;;;;;;https://pt.wikipedia.org/wiki/Ilhas_do_Mar_de_Coral;;;;;;;;;;;;;
Ilhas Falkland; 3.198 ; 12.173,0 ; América ; América do Sul ; Stanley ; Stanley ;;;;;;Falkland Islands;;FLK;500;.fk;;;;;;;;;;;;;0;;;;;;;;;;;;;;;;;;;Reino Unido;Território ultramarino;1;1;;;;;;https://pt.wikipedia.org/wiki/Ilhas_Malvinas;;;;;;;;;;;;;
Ilhas Heard e McDonald; -   ; 412,0 ; Oceania ; Australásia ;;;;;;;;Heard Island and McDonald Islands;;HMD;672;.hm;;;;;;;;;;;;;0;;;;;;;;;;;;;;;;;;;Austrália;Território australiano;1;1;;;;;;https://pt.wikipedia.org/wiki/Ilha_Heard_e_Ilhas_McDonald;;;;;;;;;;;;;
Ilhas Marshall; 55.500 ; 181,0 ; Oceania ; Micronésia ; Majuro ; Majuro ; 197 ; 214 ;;;;Marshall Islands;;MHL;692;.mh;;;;;;;;;;;;;0;;;;;;;;;;1;;;;;;;;;;;1;1;;;;1;;https://pt.wikipedia.org/wiki/Ilhas_Marshall;;;;;;;;;;;;;
Ilhas Paracel; -   ; 7,0 ; Ásia ; Ásia oriental ;;;;;;;;Paracel Islands;;;;;;;;;;;;;;;;;0;;;;;;;;;;;;;;;;;;;China;Território chinês;1;1;;;;;;https://pt.wikipedia.org/wiki/Ilhas_Paracel;;;;;;;;;;;;;
Ilhas Pitcairn; 50 ; 47,0 ; Oceania ; Polinésia ;;;;;;;;Pitcairn Islands;;PCN;;.pn;;;;;;;;;;;;;0;;;;;;;;;;;;;;;;;;;Reino Unido;Território ultramarino;1;1;;;;;;https://pt.wikipedia.org/wiki/Ilhas_Pitcairn;;;;;;;;;;;;;
Ilhas Salomão; 680.806 ; 28.896,0 ; Oceania ; Melanésia ; Honiara ; Honiara ; 1.395 ; 1.378 ;;0,557;;Solomon Islands;;SLB;677;.sb;;;;;;;;;1;1;;;1;;;;;;;;;1;1;;;;;;;;;;;1;1;;;;1;;https://pt.wikipedia.org/wiki/Ilhas_Salom%C3%A3o;;;;;;;;;;;;;
Ilhas Spratly; -   ; 4,0 ; Ásia ; Sudeste asiático ;;;;;;;;Spratly Islands;;;;;;;;;;;;;;;;;0;;;;;;;;;;;;;;;;;;;China;Território chinês;1;1;;;;;;https://pt.wikipedia.org/wiki/Ilhas_Spratly;;;;;;;;;;;;;
Ilhas Turcas e Caicos; 41.369 ; 417,0 ; América ; Caribe ; Cockburn town ; Cockburn town ;; 797 ;;;;Turks and Caicos Islands;;TCA;1;.tc;;;;;;;;;;;;;1;;;;;;;;;;;;;;;;;;;Reino Unido;Território ultramarino;1;1;;;;;;https://pt.wikipedia.org/wiki/Ilhas_Spratly;;;;;;;;;;;;;
Ilhas Virgens Americanas; 104.578 ; 347,0 ; América ; Caribe ; Charlotte Amalie ; Charlotte Amalie ;;;;;;United States Virgin Islands;;VIR;1;.vi;;;;;;;;;1;;;;1;;;;;;;;;;;;;;;;;;;Estados Unidos;Território americano;1;1;;;1;;3;https://pt.wikipedia.org/wiki/Ilhas_Virgens_Americanas;;;;;;;;;;;;;
Ilhas Virgens Britânicas; 30.030 ; 151,0 ; América ; Caribe ; Road town ; Road Town ;; 902 ;;;;British Virgin Islands;;VGB;1;.vg;;;;;;;;;1;;;;1;;;;;;;;;;;;;;;;;;;Reino Unido;Território ultramarino;1;1;;;;;2;https://pt.wikipedia.org/wiki/Ilhas_Virgens_Brit%C3%A2nicas;;;;;;;;;;;;;
Índia; 1.361.865.555 ; 3.287.590,0 ; Ásia ; Ásia meridional ; Deli ; Mumbai ; 10.385.432 ; 2.718.732 ;35,7;0,609;rupia indiana;India;Bh?rat Ga?ar?jya;IND;91;.in;;;1;;;;;;1;1;;;1;1;;;;;;;;1;1;;;1;;;;;;;;;;;9;28;32;11;https://pt.wikipedia.org/wiki/%C3%8Dndia;SAARC;;;;;;;;;;;;
Indonésia; 266.911.900 ; 1.904.569,0 ; Ásia ; Sudeste asiático ; Jacarta ; Jacarta ; 3.492.208 ; 1.022.454 ;38,1;0,707;rupia indonésia;Indonesia;Indonesia;IDN;62;.id;1;1;;;;;;;1;;;;1;1;;;;;;;;1;1;;;;;;;;;;;;1;1;;32;8;6;https://pt.wikipedia.org/wiki/Indon%C3%A9sia;ASEAN;;;;;;;;;;;;
Inglaterra; 54.786.000 ; 130.395,0 ; Europa ; Europa Setentrional ; Londres ; Londres ;; 2.340.000 ;;;libra esterlina;England;England;GBR;;.uk;;;;;;;;;;;;;1;;;;;;;;;;;;;;;;;;;Reino Unido;País do Reino Unido;;1;;;;;21;https://pt.wikipedia.org/wiki/Inglaterra;;;;;;;;;;;;;
Irã; 83.421.094 ; 1.628.750,0 ; Ásia ; Oriente médio ; Teerã ; Teerã ; 1.749.428 ; 446.105 ;40,0;0,797;rial;Iran;Iran;IRN;98;.ir;;;;;;;;;1;;;;1;;;;;;;;;;1;1;;;;;;;;;;;;;1;69;19;2;https://pt.wikipedia.org/wiki/Ir%C3%A3o;;;;;;;;;;;;;
Iraque; 39.127.900 ; 438.317,0 ; Ásia ; Oriente médio ; Bagdá ; Bagdá ; 694.653 ; 224.228 ;29,5;0,654;dinar iraquiano;Iraq;Iraq;IRQ;964;.iq;;;;;;;;;1;;;;1;;;;;;;;;;1;1;;;;;;;;;;;;;1;1;4;;https://pt.wikipedia.org/wiki/Iraque;;;;;;;;;;;;;
Irlanda; 4.921.500 ; 70.273,0 ; Europa ; Europa Setentrional ; Dublin ; Dublin ; 381.720 ; 382.754 ;31,8;0,942;euro;Ireland;Eire;IRL;353;.ie;;;;;;;;;1;;;;1;;;;;;;1;;1;1;;;;;1;;;1;;;;1;;8;31;2;13;https://pt.wikipedia.org/wiki/Rep%C3%BAblica_da_Irlanda;UE;;;;;;;;;;;;
Irlanda do norte; 1.868.700 ; 13.843,0 ; Europa ; Europa Setentrional ; Belfast ;;;;;;libra esterlina;Northern Ireland;Northern Ireland;GBR;;.uk;;;;;;;;;;;;;1;;;;;;;;;;;;;;;;;;;Reino Unido;País do Reino Unido;;1;;;;;1;https://pt.wikipedia.org/wiki/Irlanda_do_Norte;;;;;;;;;;;;;
Islândia; 366.130 ; 103.000,0 ; Europa ; Europa Setentrional ; Reykjavík ; Reykjavík ; 18.606 ; 25.965 ;;0,938;coroa islandesa;Iceland;Island;ISL;354;.is;;;;;;;;;1;;1;;1;;;;;;;1;;1;1;;1;;;;;;;;;;1;;1;4;2;1;https://pt.wikipedia.org/wiki/Isl%C3%A2ndia;EFTA;;;;;;;;;;;;
Israel; 9.192.125 ; 20.770,0 ; Ásia ; Oriente médio ; Jerusalem ; Jerusalem ; 334.328 ; 370.588 ;38,9;0,906;novo shekel;Israel;Yisra'el;ISR;972;.il;;;;;;;;;1;;;;1;;;;;;;1;;1;1;;;;;;;;;;;;;;12;9;9;7;https://pt.wikipedia.org/wiki/Israel;;;;;;;;;;;;;
Itália; 60.238.522 ; 301.338,0 ; Europa ; Europa meridional ; Roma ; Roma ; 2.399.825 ; 2.075.856 ;35,4;0,883;euro;Italy;Italia;ITA;39;.it;;;;;;;;;1;;;;1;1;1;;;;;1;;1;1;;1;;;1;;;1;;;;;;20;577;51;38;https://pt.wikipedia.org/wiki/It%C3%A1lia;UE;;;;;;;;;;;;
Jamaica; 2.726.667 ; 10.991,0 ; América ; Caribe ; Kingston ; Kingston ; 27.062 ; 15.461 ;45,5;0,726;dólar jamaicano;Jamaica;Jamaica;JAM;1;.jm;;;;;;1;;;1;1;;;1;;;;;;;;1;1;1;;;;;;;;;;;;1;;;78;1;2;https://pt.wikipedia.org/wiki/Jamaica;CARICOM;;;;;;;;;;;;
Japão; 125.950.000 ; 377.975,0 ; Ásia ; Ásia oriental ; Tóquio ; Tóquio ; 5.619.492 ; 4.971.767 ;24,9;0,915;iene;Japan;Nippon;JPN;81;.jp;1;;;;;;;;1;;;;1;1;1;;;;;1;;1;1;;;;;;;;;;;;1;;28;439;19;7;https://pt.wikipedia.org/wiki/Jap%C3%A3o;;;;;;;;;;;;;
Jersey; 106.800 ; 116,0 ; Europa ; Europa Setentrional ; Saint Heller ;;;;;;;Jersey;;JEY;;.je;;;;;;;;;;;;;0;;;;;;;;;;;;;;;;;;;Reino Unido;Dependência da Coroa britânica;1;1;;;;;;https://pt.wikipedia.org/wiki/Jersey;;;;;;;;;;;;;
Jordânia; 10.673.288 ; 89.342,0 ; Ásia ; Oriente médio ; Amã ; Amã ; 93.399 ; 42.291 ;35,4;0,723;dinar jordano;Jordan;al-Urdunn;JOR;962;.jo;;;;;;;;;1;;;;1;;;;;;;;;1;1;;;;;;;;;;;;;;;1;4;2;https://pt.wikipedia.org/wiki/Jord%C3%A2nia;;;;;;;;;;;;;
Kosovo; 1.795.666 ; 10.887,0 ; Europa ; Europa meridional ; Pristina ; Pristina ; 20.876 ; 7.947 ;;;;Kosovo;;;383;;;;;;;;;;1;;;;1;;;;;;;;;;;;;;;;;;;Sérvia;Em disputa separatista;;;;;1;;;https://pt.wikipedia.org/wiki/Kosovo;;;;;;;;;;;;;
Kuwait; 4.420.110 ; 17.818,0 ; Ásia ; Oriente médio ; Cidade do Kuwait ; Cidade do Kuwait ; 301.916 ; 141.646 ;;0,808;dinar kwaitianio;Kuwait;Dawlat al-Kuwayt;KWT;965;.kw;;;;;;;;;1;;;;1;;;;;;;;;1;1;1;;;;;;;;;;;;;;2;;;https://pt.wikipedia.org/wiki/Kuwait;;;;;;;;;;;;;
Laos; 7.123.205 ; 236.800,0 ; Ásia ; Sudeste asiático ; Vientiane ; Vientiane ; 53.752 ; 18.120 ;36,4;0,604;kip;Laos;Lao;LAO;856;.la;;1;;;;;;;1;;;;1;;;;;;;;;1;1;;;;;;;;;;;;;;;;2;2;https://pt.wikipedia.org/wiki/Laos;ASEAN;;;;;;;;;;;;
Lesoto; 2.007.201 ; 30.355,0 ; África ; África austral ; Maseru ; Maseru ; 7.231 ; 2.713 ;52,5;0,518;loti de Lesoto;Lesotho;Lesotho;LSO;266;.ls;;;;;;;;;1;1;;;1;;;;;;;;;1;1;;;;1;;;;;;;;;;;;1;;https://pt.wikipedia.org/wiki/Lesoto;SADC;;;;;;;;;;;;
Letônia; 1.906.800 ; 64.559,0 ; Europa ; Europa Setentrional ; Riga ; Riga ; 57.336 ; 34.882 ;36,6;0,854;euro;Latvia;Latvija;LVA;371;.lv;;;;;;;;;1;;;1;1;;;;;;;1;;1;1;;1;;;1;;;1;;;;;;1;19;2;;https://pt.wikipedia.org/wiki/Let%C3%B3nia;UE;;;;;;;;;;;;
Líbano; 6.825.442 ; 10.452,0 ; Ásia ; Oriente médio ; Beirute ; Beirute ; 91.013 ; 56.372 ;31,8;0,730;libra libanesa;Lebanon;Lubn?n;LBN;961;.lb;;;;;;;;;1;;;;1;;;;;;;;;;1;;;;;;;;;;;;;;;4;5;;https://pt.wikipedia.org/wiki/L%C3%ADbano;;;;;;;;;;;;;
Libéria; 4.475.353 ; 111.369,0 ; África ; África ocidental ; Monróvia ; Monróvia ; 6.440 ; 3.248 ;35,3;0,465;dólar liberiano;Liberia;Liberia;LBR;231;.lr;;;;;;;;;1;;;;1;;;;;;;;;1;1;;;;;;;;;;;;;;2;;;;https://pt.wikipedia.org/wiki/Lib%C3%A9ria;;;;;;;;;;;;;
Líbia; 6.871.287 ; 1.759.540,0 ; África ; Norte da África ; Trípoli ; Trípoli ; 76.684 ; 40.951 ;;0,708;dinar líbio;Libya;L?biy?;LBY;218;.ly;;;;;;;;;1;;;;1;;;;;;;;;;1;1;;;;;;1;;;;;;;;;5;;https://pt.wikipedia.org/wiki/L%C3%ADbia;UMA;;;;;;;;;;;;
Liechtenstein; 38.749 ; 160,0 ; Europa ; Europa ocidental ; Vaduz ; Schaan ;; 5.855 ;;0,917;;Liechtenstein;;LIE;423;.li;;;;;;;;;1;;1;;1;;;;;;;;;1;1;;;;;;;;;;;1;;;;;;;https://pt.wikipedia.org/wiki/Liechtenstein;EFTA;;;;;;;;;;;;
Lituânia; 2.793.471 ; 65.300,0 ; Europa ; Europa Setentrional ; Vilnius ; Vilnius ; 96.261 ; 53.302 ;37,4;0,869;euro;Lithuania;Lietuva;LTU;370;.lt;;;;;;;;;1;;;1;1;;;;;;;1;;1;1;;1;;;1;;;1;;;;;;2;25;4;;https://pt.wikipedia.org/wiki/Litu%C3%A2nia;UE;;;;;;;;;;;;
Luxemburgo; 626.108 ; 2.586,0 ; Europa ; Europa ocidental ; Luxemburgo ; Luxemburgo ; 66.914 ; 69.553 ;33,8;0,909;euro;Luxembourg;;LUX;352;.lu;;;;;;;;;1;;;;1;;;;;;;1;;1;1;;1;;;1;;;1;;;1;;;2;2;1;;https://pt.wikipedia.org/wiki/Luxemburgo;UE;;;;;;;;;;;;
Macau; 679.600 ; 28,6 ; Ásia ; Ásia oriental ; Macau ;; 78.530 ; 54.545 ;;;;Macau;;MAC;853;.mo;;;;;;;;;;;;;1;;;;;;;;;1;;;;;;;;;;China;Região administrativa especial;;;;;;;;https://pt.wikipedia.org/wiki/Macau;;;;;;;;;;;;;
Macedônia do Norte; 2.077.132 ; 25.713,0 ; Europa ; Europa meridional ; Escópia ; Escópia ; 32.554 ; 12.670 ;43,2;0,759;dinar macedônio;Macedonia;Makedonija;MKD;389;.mk;;;;;;;;;1;;;;1;;;;;;;;;1;1;;;;;;;;;;;;;;;1;1;;https://pt.wikipedia.org/wiki/Rep%C3%BAblica_da_Maced%C3%B3nia;;;;;;;;;;;;;
Madagascar; 26.251.309 ; 587.041,0 ; África ; África austral ; Antananarivo ; Antananarivo ; 42.705 ; 12.090 ;42,6;0,521;ariary;Madagascar;Madagascar;MDG;261;.mg;;;;;;;;;1;;;;1;;;;;;;;;1;1;;;;1;;;;;;;;1;;;;3;1;https://pt.wikipedia.org/wiki/Madag%C3%A1scar;SADC;;;;;;;;;;;;
Malásia; 32.770.760 ; 330.803,0 ; Ásia ; Sudeste asiático ; Kuala Lumpur ; Kuala Lumpur ; 1.002.062 ; 358.579 ;41,0;0,804;ringgit;Malaysia;Malaysia;MYS;60;.my;1;1;;;;;;;1;1;;;1;;;;;;;;;1;1;;;;;;;;;;;;;;;11;4;3;https://pt.wikipedia.org/wiki/Mal%C3%A1sia;ASEAN;;;;;;;;;;;;
Malawi; 19.129.952 ; 118.484,0 ; África ; África austral ; Lilongwe ; Lilongwe ; 23.682 ; 6.901 ;44,7;0,485;kwacha malawiana;Malawi;Malawi;MWI;265;.mw;;;;;;;;;1;1;;;1;;;;;;;;;1;1;;;;1;;;;;;;;;;;;2;1;https://pt.wikipedia.org/wiki/Malawi;SADC;;;;;;;;;;;;
Maldivas; 374.775 ; 298,0 ; Ásia ; Ásia meridional ; Malé ; Malé ; 7.396 ; 5.328 ;37,4;0,719;;Maldives;;MDV;960;.mv;;;;;;;;;1;1;;;1;;;;;;;;;1;1;;;1;;;;;;;;1;1;;;;;;https://pt.wikipedia.org/wiki/Maldivas;SAARC;;;;;;;;;;;;
Mali; 20.250.833 ; 1.240.192,0 ; África ; África ocidental ; Bamako ; Bamako ; 44.028 ; 17.180 ;33,0;0,427;franco CFA;Mali;Mali;MLI;223;.ml;;;;;;;;;1;;;;1;;;;;;;;;1;1;;;;;;1;;;;;;;;;;4;1;https://pt.wikipedia.org/wiki/Mali;UEMOA;;;;;;;;;;;;
Malta; 493.559 ; 316,0 ; Europa ; Europa meridional ; Valeta ; Birkirkara ; 20.861 ; 14.560 ;29,4;0,885;euro;Malta;;MLT;356;.mt;;;;;;;;;1;1;;;1;;;;;;;;;1;1;;;;;1;;;1;;;1;1;;;;3;;https://pt.wikipedia.org/wiki/Malta;UE;;;;;;;;;;;;
Marianas do Norte; 56.200 ; 464,0 ; Oceania ; Micronésia ; Saipan ;;;;;;;Northern Mariana Islands;;MNP;1;.mp;;;;;;;;;;;;;0;;;;;;;;;;;;;;;;;;;Estados Unidos;Estado livre associado;1;1;;;;;;https://pt.wikipedia.org/wiki/Marianas_Setentrionais;;;;;;;;;;;;;
Marrocos; 35.888.525 ; 446.550,0 ; África ; Norte da África ; Rabat ; Casablanca ; 314.742 ; 118.534 ;39,5;0,628;dirham marroquino;Morocco;al-Ma?rib;MAR;212;.ma;;;;;;;;;1;;;;1;;;;;;;;;1;1;;;;;;;1;;;;;;;;23;9;7;https://pt.wikipedia.org/wiki/Marrocos;UMA;;;;;;;;;;;;
Martinica; 401.000 ; 1.102,0 ; América ; Caribe ; Fort de France ; Fort de France ;;;;;;Martinique;;MTQ;596;.mq;;;;;;;;;;;;;0;;;;;;;;;;;;;;;;;;;França;Território ultramarino;;1;;;;;;https://pt.wikipedia.org/wiki/Martinica;;;;;;;;;;;;;
Maurício; 1.265.577 ; 2.040,0 ; África ; África oriental ; Port Louis ; Port Louis ; 29.187 ; 14.210 ;38,5;0,796;;Mauritius;;MUS;230;.mu;;;;;;;;;1;1;;;1;;;;;;;;;1;1;;;;1;;;;;;;1;1;;;1;2;1;https://pt.wikipedia.org/wiki/Maur%C3%ADcia;SADC;;;;;;;;;;;;
Mauritânia; 4.077.347 ; 1.025.520,0 ; África ; África ocidental ; Nouakchott ; Nouakchott ; 18.119 ; 5.237 ;32,6;0,527;ouguiya;Mauritania;Muritanya;MRT;222;.mr;;;;;;;;;1;;;;1;;;;;;;;;1;1;;;;;;;1;;;;;;;;;2;;https://pt.wikipedia.org/wiki/Maurit%C3%A2nia;UMA;;;;;;;;;;;;
Mayotte; 270.372 ; 374,0 ; África ; África oriental ; Mamoudzou ;;;;;;;Mayotte;;MYT;269;.yt;;;;;;;;;;;;;0;;;;;;;;;;;;;;;;;;;França;Departamento ultramarino;1;1;;;;;;https://pt.wikipedia.org/wiki/Mayotte;;;;;;;;;;;;;
México; 126.577.691 ; 1.964.375,0 ; América ; América do Norte ; Cidade do México ; Cidade do México ; 2.571.680 ; 1.222.053 ;48,3;0,767;peso mexicano;Mexico;Mexico;MEX;52;.mx;1;;;;;;;;1;;;;1;1;;;;;1;1;1;1;1;;;;;;;;;;;;;;3;69;33;15;https://pt.wikipedia.org/wiki/M%C3%A9xico;NAFTA;;;;;;;;;;;;
Micronésia; 104.468 ; 702,0 ; Oceania ; Micronésia ; Palikir ; Kolonia ; 360 ; 372 ;;0,614;;Micronesia;;FSM;691;.fm;;;;;;;;;1;;;;0;;;;;;;;;;1;;;;;;;;;;;1;1;;;;;2;https://pt.wikipedia.org/wiki/Estados_Federados_da_Micron%C3%A9sia;;;;;;;;;;;;;
Moçambique; 30.066.648 ; 801.590,0 ; África ; África austral ; Maputo ; Maputo ; 38.679 ; 14.396 ;54,0;0,446;metical;Mozambique;Moçcambique;MOZ;258;.mz;;;;;;;;;1;1;;;1;;;;;;;;;1;1;;;;1;;;;;;;;;;;2;1;;https://pt.wikipedia.org/wiki/Mo%C3%A7ambique;SADC;;;;;;;;;;;;
Moldávia; 2.681.735 ; 33.851,0 ; Europa ; Leste europeu ; Chisinau ; Chisinau ; 21.260 ; 11.309 ;25,9;0,711;leu moldávio;Moldova;Moldova;MDA;373;.md;;;;;;;1;;1;;;1;1;;;;;;;;;1;1;;;;;;;;;;;;;;;5;1;;https://pt.wikipedia.org/wiki/Mold%C3%A1via;CEI;;;;;;;;;;;;
Mônaco; 38.100 ; 2,0 ; Europa ; Europa meridional ; Monaco Ville ; Monaco Ville ;; 7.060 ;;;;Monaco;;MCO;377;.mc;;;;;;;;;1;;;;0;;;;;;;;;;1;;;;;;;;;;;1;;;;;;2;https://pt.wikipedia.org/wiki/M%C3%B3naco;;;;;;;;;;;;;
Mongólia; 3.315.999 ; 1.564.116,0 ; Ásia ; Ásia oriental ; Ulan Bator ; Ulan Bator ; 42.646 ; 13.009 ;32,3;0,735;togrog;Mongolia;Mongol uls;MNG;976;.mn;;;;;;;;;1;;;;1;;;;;;;;;1;1;;;;;;;;;;;;;;;26;2;2;https://pt.wikipedia.org/wiki/Mong%C3%B3lia;;;;;;;;;;;;;
Monserrate; 4.989 ; 102,0 ; América ; Caribe ; Brades ; Brades ;; 63 ;;;;Montserrat;;MSR;1;.ms;;;;;;1;;;;;;;1;;;;;;;;;;;;;;;;;;;Reino Unido;Território ultramarino;1;1;;;;;;https://pt.wikipedia.org/wiki/Montserrat;CARICOM;;;;;;;;;;;;
Montenegro; 622.359 ; 13.812,0 ; Europa ; Europa meridional ; Podgorica ; Podgorica ; 11.646 ; 5.457 ;31,9;0,816;euro;Montenegro;Crna Gora;MNE;382;.me;;;;;;;;;1;;;;1;;;;;;;;;1;1;;;;;;;;;;;;;;;1;2;;https://pt.wikipedia.org/wiki/Montenegro;;;;;;;;;;;;;
Myanmar; 54.339.766 ; 676.578,0 ; Ásia ; Sudeste asiático ; Naypyidaw ; Rangum ; 359.374 ; 68.668 ;38,1;0,584;quiat;Myanmar;My?ma ;MMR;95;.mm;;1;;;;;;;1;;;;1;;;;;;;;;1;1;;;;;;;;;;;;;;1;;1;2;https://pt.wikipedia.org/wiki/Myanmar;ASEAN;;;;;;;;;;;;
Nagorno-Karabakh; 158.000 ; 11.458,0 ; Europa ; Leste europeu ; Estepanaquerte ;;;;;;;;;;;;;;;;;;;;;;;;0;;;;;;;;;;;;;;;;;;;Azerbaijão;Em disputa separatista;;;;;;;;https://pt.wikipedia.org/wiki/Nagorno-Karabakh;;;;;;;;;;;;;
Namíbia; 2.458.936 ; 824.116,0 ; África ; África austral ; Windhoek ; Windhoek ; 27.444 ; 14.513 ;59,1;0,628;dólar namibiano;Namibia;Namibië;NAM;264;.nb;;;;;;;;;1;1;;;1;;;;;;;;;1;1;;;;1;;;;;;;;;;;4;2;1;https://pt.wikipedia.org/wiki/Nam%C3%ADbia;SADC;;;;;;;;;;;;
Nauru; 11.000 ; 21,0 ; Oceania ; Micronésia ; Yaren ; Yaren ; 158 ; 112 ;;;;Nauru;;NRU;674;.nr;;;;;;;;;1;1;;;0;;;;;;;;;;1;;;;;;;;;;;1;1;;;;;;https://pt.wikipedia.org/wiki/Nauru;;;;;;;;;;;;;
Nepal; 29.996.478 ; 147.181,0 ; Ásia ; Ásia meridional ; Catmandu ; Catmandu ; 84.365 ; 29.040 ;32,8;0,579;rúpia nepalesa;Nepal;Nepal;NPL;977;.np;;;;;;;;;1;;;;1;;;;;;;;;1;1;;;1;;;;;;;;;;;;;4;6;https://pt.wikipedia.org/wiki/Nepal;SAARC;;;;;;;;;;;;
Nicarágua; 6.460.411 ; 131.812,0 ; América ; América Central ; Manágua ; Manágua ; 38.957 ; 13.118 ;46,2;0,631;córdoba;Nicaragua;Nicaragua;NIC;505;.ni;;;;;;;;;1;;;;1;;;;1;;;;1;1;1;;;;;;;;;;;;;;;;1;;https://pt.wikipedia.org/wiki/Nicar%C3%A1gua;MCCA;;;;;;;;;;;;
Níger; 22.314.743 ; 1.267.000,0 ; África ; África ocidental ; Niamey ; Niamey ; 23.475 ; 9.299 ;34,3;0,377;franco CFA;Niger;Niger;NER;227;.ne;;;;;;;;;1;;;;1;;;;;;;;;1;1;;;;;;1;;;;;;;;;2;3;;https://pt.wikipedia.org/wiki/N%C3%ADger;UEMOA;;;;;;;;;;;;
Nigéria; 206.139.587 ; 923.768,0 ; África ; África ocidental ; Abuja ; Lagos ; 1.168.399 ; 398.186 ;48,8;0,534;naira;Nigeria;Nàìjíríà;NGA;234;.ng;;;;;;;;;1;1;;;1;;;;;;;;;1;1;1;;;;;;;;;;;;;1;25;2;;https://pt.wikipedia.org/wiki/Nig%C3%A9ria;;;;;;;;;;;;;
Niue; 1.520 ; 260,0 ; Oceania ; Polinésia ; Alofi ; Alofi ;;;;;;Niue;;NIU;683;.nu;;;;;;;;;;;;;0;;;;;;;;;;;;;;;;;;;Nova Zelândia;Território livre associado;1;1;;;;;;https://pt.wikipedia.org/wiki/Niue;;;;;;;;;;;;;
Noruega; 5.367.580 ; 385.155,0 ; Europa ; Europa Setentrional ; Oslo ; Oslo ; 396.919 ; 434.167 ;27,5;0,954;coroa norueguesa;Norway;Norge;NOR;47;.no;;;;;;;;;1;;1;;1;;;;;;;1;;1;1;;1;;;;;;;;;;;;14;152;7;7;https://pt.wikipedia.org/wiki/Noruega;EFTA;;;;;;;;;;;;
Nova Caledônia; 282.200 ; 18.575,0 ; Oceania ; Melanésia ; Noumea ; Noumea ;; 10.234 ;;;;New Caledonia;;NCL;687;.nc;;;;;;;;;;;;;1;;;;;;;;;;;;;;;;;;;França;Território dependente;1;1;;;;;;https://pt.wikipedia.org/wiki/Nova_Caled%C3%B3nia;;;;;;;;;;;;;
Nova Zelândia; 4.983.332 ; 270.534,0 ; Oceania ; Australásia ; Welington ; Auckland ; 198.516 ; 203.127 ;36,2;0,921;dólar da Nova Zelândia;New Zealand;New Zealand;NZL;64;.nz;1;;;;;;;;1;1;;;1;;;;;;;1;;1;1;;;;;;;;;;;;1;;3;117;3;8;https://pt.wikipedia.org/wiki/Nova_Zel%C3%A2ndia;;;;;;;;;;;;;
Omã; 4.664.599 ; 309.500,0 ; Ásia ; Oriente médio ; Mascate ; Mascate ; 194.820 ; 79.277 ;;0,834;rial;Oman;Salt?nat 'Um?n;OMN;968;.om;;;;;;;;;1;;;;1;;;;;;;;;1;1;;;;;;;;;;;;;;;;4;2;https://pt.wikipedia.org/wiki/Om%C3%A3;;;;;;;;;;;;;
Ossétia do Sul; 53.532 ; 3.900,0 ; Europa ; Leste europeu ; Tskhinvali ;;;;;;;;;;;;;;;;;;;;;;;;0;;;;;;;;;;;;;;;;;;;Geórgia;Em disputa separatista;;;;;;;;https://pt.wikipedia.org/wiki/Oss%C3%A9tia_do_Sul;;;;;;;;;;;;;
País de Gales; 3.063.000 ; 20.779,0 ; Europa ; Europa Setentrional ; Cardiff ;;;;;;libra esterlina;Wales;Wales;GBR;;.uk;;;;;;;;;;;;;1;;;;;;;;;;;;;;;;;;;Reino Unido;País do Reino Unido;;1;;;;;4;https://pt.wikipedia.org/wiki/Pa%C3%ADs_de_Gales;;;;;;;;;;;;;
Países Baixos; 17.462.581 ; 41.528,0 ; Europa ; Europa ocidental ; Amsterdã ; Amsterdã ; 966.742 ; 914.519 ;28,2;0,933;euro;Netherlands;Nederland;NLD;31;.nl;;;;;;;;;1;;;;1;;;;;;;1;;1;1;;1;;;1;;;1;;;;;;20;285;10;5;https://pt.wikipedia.org/wiki/Pa%C3%ADses_Baixos;UE;;;;;;;;;;;;
Palau; 17.900 ; 459,0 ; Oceania ; Micronésia ; Melekeok ; Koror ; 300 ; 284 ;;0,814;;Palau;;PLW;680;.pw;;;;;;;;;1;;;;0;;;;;;;;;;1;;;;;;;;;;;1;1;;;;1;;https://pt.wikipedia.org/wiki/Palau;;;;;;;;;;;;;
Palestina; 4.976.684 ; 6.020,0 ; Ásia ; Oriente médio ; Ramallah ; Gaza ;; 12.766 ;35,5;0,677;;Palestine;;PSE;970;.ps;;;;;;;;;1;;;;1;;;;;;;;;;;;;;;;;;;Israel;Em disputa separatista;;;;1;;2;;https://pt.wikipedia.org/wiki/Autoridade_Nacional_Palestiniana;;;;;;;;;;;;;
Panamá; 4.218.808 ; 75.517,0 ; América ; América Central ; Cidade do Panamá ; Cidade do Panamá ; 112.204 ; 65.055 ;49,9;0,795;balboa panamenha;Panama;Panamá;PAN;507;.pa;;;;;;;;;1;;;;1;;;;;;;;1;1;1;;;;;;;;;;;;;;;3;5;1;https://pt.wikipedia.org/wiki/Panam%C3%A1;;;;;;;;;;;;;
Papua-Nova Guiné; 8.935.000 ; 462.840,0 ; Oceania ; Australásia ; Port Moresby ; Port Moresby ; 31.929 ; 23.185 ;50,9;0,543;kina;Papua New Guinea;Papua New Guinea;PNG;675;.pg;1;;;;;;;;1;1;;;1;;;;;;;;;1;1;;;;;;;;;;;;1;;;;1;2;https://pt.wikipedia.org/wiki/Papua-Nova_Guin%C3%A9;;;;;;;;;;;;;
Paquistão; 220.892.311 ; 880.254,0 ; Ásia ; Ásia meridional ; Islamabad ; Carachi ; 1.141.210 ; 314.588 ;33,5;0,560;rúpia;Pakistan;P?kist?n;PAK;92;.pk;;;;;;;;;1;1;;;1;;;;;;;;;1;1;;;1;;;;;;;;;;;2;10;6;;https://pt.wikipedia.org/wiki/Paquist%C3%A3o;SAARC;;;;;;;;;;;;
Paraguai; 7.252.672 ; 406.752,0 ; América ; América do Sul ; Assunção ; Assunção ; 72.999 ; 41.854 ;48,8;0,724;guarani;Paraguay;Paraguai;PRY;595;.py;;;;;;;;;1;;;;1;;;;;1;;;1;1;1;;;;;;;;;;;;;;;1;1;;https://pt.wikipedia.org/wiki/Paraguai;Mercosul;;;;;;;;;;;;
Peru; 32.131.400 ; 1.285.216,0 ; América ; América do Sul ; Lima ; Lima ; 450.148 ; 225.366 ;43,3;0,759;nuevo sol;Peru;Perú;PER;51;.pe;1;;;1;;;;;1;;;;1;;;;;;;;1;1;1;;;;;;;;;;;;;;1;4;12;4;https://pt.wikipedia.org/wiki/Peru;CAN;;;;;;;;;;;;
Polinésia Francesa; 275.918 ; 4.000,0 ; Oceania ; Polinésia ; Papeete ; Faa'a ;; 5.623 ;;;;French Polynesia;;PYF;689;.pf;;;;;;;;;;;;;1;;;;;;;;;;;;;;;;;;;França;Coletividade de utramar;1;1;;;;;6;https://pt.wikipedia.org/wiki/Polin%C3%A9sia_Francesa;;;;;;;;;;;;;
Polônia; 38.379.000 ; 312.685,0 ; Europa ; Europa central ; Varsóvia ; Varsóvia ; 1.193.112 ; 585.816 ;31,8;0,872;zloty;Poland;Poska;POL;48;.pl;;;;;;;;;1;;;;1;;;;;;;1;;1;1;;1;;;1;;;;;;;;;15;284;14;2;https://pt.wikipedia.org/wiki/Pol%C3%B3nia;UE;;;;;;;;;;;;
Porto Rico; 3.193.694 ; 8.875,0 ; América ; Caribe ; San Juan ; San Juan ; 119.314 ; 101.131 ;;;;Puerto Rico;;PRI;1;.pr;;;;;;;;;1;;;;1;;;;;;;;;;;;;;;;;;;Estados Unidos;Estado livre associado;1;1;;;9;;2;https://pt.wikipedia.org/wiki/Porto_Rico;;;;;;;;;;;;;
Portugal; 10.276.617 ; 92.152,0 ; Europa ; Europa meridional ; Lisboa ; Lisboa ; 328.252 ; 240.901 ;35,5;0,850;euro;Portugal;Portugal;PRT;351;.pt;;;;;;;;;1;;;;1;;;;;;;1;;1;1;;1;;;1;;;1;;;;;;2;24;15;5;https://pt.wikipedia.org/wiki/Portugal;UE;;;;;;;;;;;;
Quênia; 47.564.296 ; 580.367,0 ; África ; África oriental ; Nairóbi ; Nairóbi ; 175.978 ; 87.928 ;47,7;0,579;xelim queniano;Kenya;Kenya;KEN;254;.ke;;;;;1;;;;1;1;;;1;;;1;;;;;;1;1;;;;;;;;;;;;;;1;102;6;5;https://pt.wikipedia.org/wiki/Qu%C3%A9nia;CAO;;;;;;;;;;;;
Quirguizistão; 6.533.500 ; 199.951,0 ; Ásia ; Ásia central ; Bisqueque ; Bisqueque ; 24.276 ; 8.093 ;36,2;0,655;som;Kyrgyzstan;Kyrgyzstan;KGZ;996;.kg;;;;;;;1;;1;;;1;1;;;;;;;;;1;1;;;;;;;;;;;;;;;4;2;;https://pt.wikipedia.org/wiki/Quirguist%C3%A3o;CEI;;;;;;;;;;;;
Quiribati; 120.100 ; 726,0 ; Oceania ; Micronésia ; Tarawa do Sul ; Tarawa ; 237 ; 189 ;;0,590;;Kiribati;;KIR;686;.ki;;;;;;;;;1;1;;;0;;;;;;;;;;1;;;;;;;;;;;1;1;;;;1;;https://pt.wikipedia.org/wiki/Kiribati;;;;;;;;;;;;;
Reino Unido; 66.435.550 ; 242.514,0 ; Europa ; Europa Setentrional ; Londres ; Londres ; 3.028.566 ; 2.828.833 ;36,0;0,920;libra esterlina;United Kingdom;United Kingdom;GBR;44;.uk;;;;;;;;;1;1;;;0;1;1;;;;;1;;1;1;;1;;;;;;;;;;;;130;851;29;36;https://pt.wikipedia.org/wiki/Reino_Unido;;;;;;;;;;;;;
República Centro-Africana; 5.496.011 ; 622.984,0 ; África ; África central ; Bangui ; Bangui ; 3.587 ; 2.280 ;56,3;0,381;franco CFA;Central African Republic;Ködörösêse tî Bêafrîka;CAF;236;.cf;;;;;;;;1;1;;;;1;;;;;;;;;1;1;;;;;;;;;;;;;;;;1;;https://pt.wikipedia.org/wiki/Rep%C3%BAblica_Centro-Africana;CEMAC;;;;;;;;;;;;
República Democrática do Congo; 89.561.404 ; 2.344.858,0 ; África ; África central ; Kinshasa ; Kinshasa ; 72.638 ; 47.099 ;44,4;0,459;franco congolês;Congo-Kinshasa;Congo-Kinshasa;COD;243;.cd;;;;;;;;;1;;;;1;;;;;;;;;1;1;;;;1;;;;;;;;;;1;;5;;https://pt.wikipedia.org/wiki/Rep%C3%BAblica_Democr%C3%A1tica_do_Congo;SADC;;;;;;;;;;;;
República do Congo; 5.518.092 ; 342.000,0 ; África ; África central ; Brazzaville ; Brazzaville ; 29.749 ; 11.664 ;42,1;0,608;franco centro africano;Congo-Brazzaville;Congo-Brazzaville;COG;242;.cg;;;;;;;;1;1;;;;1;;;;;;;;;1;1;;;;;;;;;;;;;;;;1;;https://pt.wikipedia.org/wiki/Rep%C3%BAblica_do_Congo;CEMAC;;;;;;;;;;;;
República Dominicana; 10.358.320 ; 48.734,0 ; América ; Caribe ; Santo Domingo ; Santo Domingo ; 186.048 ; 85.630 ;45,7;0,745;peso;Dominican Republic;República Dominicana;DOM;1;.do;;;;;;;;;1;;;;1;;;;;;;;1;1;1;;;;;;;;;;;;1;;;7;1;1;https://pt.wikipedia.org/wiki/Rep%C3%BAblica_Dominicana;;;;;;;;;;;;;
República Tcheca; 10.693.939 ; 78.867,0 ; Europa ; Europa central ; Praga ; Praga ; 397.727 ; 245.226 ;25,9;0,891;coroa;Czech Republic;?eská republika;CZE;420;.cz;;;;;;;;;1;;;;1;;;;;;;1;;1;1;;1;;;1;;;;;;;;;5;56;12;6;https://pt.wikipedia.org/wiki/Rep%C3%BAblica_Checa;UE;;;;;;;;;;;;
Reunião; 865.826 ; 2.510,0 ; África ; África austral ; Saint Denis ; Saint Denis ;;;;;;;;REU;262;.re;;;;;;;;;;;;;0;;;;;;;;;;;;;;;;;;;França;Departamento ultramarino;;;;;;;;https://pt.wikipedia.org/wiki/Reuni%C3%A3o_(departamento);;;;;;;;;;;;;
Romênia; 19.405.156 ; 238.391,0 ; Europa ; Leste europeu ; Bucareste ; Bucareste ; 517.505 ; 239.552 ;35,5;0,816;leu romeno;Romania;România;ROU;40;.ro;;;;;;;;;1;;;;1;;;;;;;;;1;1;;1;;;1;;;;;;;;;4;306;7;2;https://pt.wikipedia.org/wiki/Rom%C3%A9nia;UE;;;;;;;;;;;;
Ruanda; 12.374.397 ; 26.338,0 ; África ; África central ; Kigali ; Kigali ; 26.997 ; 9.510 ;43,7;0,536;franco ruandês;Rwanda;Rwanda;RWA;250;.rw;;;;;1;;;;1;1;;;1;;;;;;;;;1;1;;;;;;;;;;;;;;;;;;https://pt.wikipedia.org/wiki/Ruanda;CAO;;;;;;;;;;;;
Rússia; 146.745.098 ; 17.098.246,0 ; Europa ; Leste europeu ; Moscou ; Moscou ; 4.168.884 ; 1.657.290 ;37,7;0,824;rublo;Russia;Rossíya;RUS;7;.ru;1;;1;;;;1;;1;;;1;1;1;;;;;;;;1;1;;;;;;;;;;;;;1;27;428;26;10;https://pt.wikipedia.org/wiki/R%C3%BAssia;CEI;;;;;;;;;;;;
Saara Ocidental; 582.463 ; 266.000,0 ; África ; Norte da África ; El Aaiún ; El Aaiún ;;;;;;Western Sahara;A?-?a?r?’ al-Gharb?yah;ESH;212;;;;;;;;;;;;;;0;;;;;;;;;;;;;;;;;;;Marrocos;Em disputa separatista;;;;;;;;https://pt.wikipedia.org/wiki/Saara_Ocidental;;;;;;;;;;;;;
Saba; 1.991 ; 13,0 ; América ; Caribe ; The Bottom ;;;;;;;;;;;;;;;;;;;;;;;;0;;;;;;;;;;;;;;;;;;;Países Baixos;país autônomo;;;;;;;;https://pt.wikipedia.org/wiki/Saba;;;;;;;;;;;;;
Samoa; 200.874 ; 2.831,0 ; Oceania ; Polinésia ; Apia ; Apia ; 1.188 ; 862 ;;0,707;;Samoa;;WSM;685;.ws;;;;;;;;;1;1;;;1;;;;;;;;;1;1;;;;;;;;;;;1;1;;;;;1;https://pt.wikipedia.org/wiki/Samoa;;;;;;;;;;;;;
Samoa Americana; 56.700 ; 199,0 ; Oceania ; Polinésia ; Pago pago ; Pago pago ;;;;;;American Samoa;;ASM;1;.as;;;;;;;;;1;;;;1;;;;;;;;;;;;;;;;;;;Estados Unidos;Território não incorporado;1;1;;;;;;https://pt.wikipedia.org/wiki/Samoa_Americana;;;;;;;;;;;;;
San Marino; 33.533 ; 61,0 ; Europa ; Europa meridional ; São Marinho ; Dogana ; 2.126 ; 1.638 ;;;;San Marino;;SMR;378;.sm;;;;;;;;;1;;;;1;;;;;;;;;;1;;;;;;;;;;;1;1;;;;1;;https://pt.wikipedia.org/wiki/San_Marino;;;;;;;;;;;;;
Santa Helena; 5.633 ; 410,0 ; África ; África ocidental ; Jamestown ; Jamestown ;;;;;;Saint Helena;;SHN;290;.sh;;;;;;;;;;;;;0;;;;;;;;;;;;;;;;;;;Reino Unido;Território ultramarino;1;1;;;;;;https://pt.wikipedia.org/wiki/Santa_Helena_(ilha);;;;;;;;;;;;;
Santa Lúcia; 178.696 ; 539,0 ; América ; Caribe ; Castries ; Castries ; 2.659 ; 1.922 ;51,2;0,745;;Saint Lucia;;LCA;1;.lc;;;;;;1;;;1;1;;;1;;;;;;;;1;1;1;;;;;;;;;;;1;1;;2;;1;1;https://pt.wikipedia.org/wiki/Santa_L%C3%BAcia;CARICOM;;;;;;;;;;;;
Santo Eustáquio; 3.193 ; 21,0 ; América ; Caribe ; Oranjestad ;;;;;;;;;;;;;;;;;;;;;;;;0;;;;;;;;;;;;;;;;;;;Países Baixos;país autônomo;;;;;;;;https://pt.wikipedia.org/wiki/Santo_Eust%C3%A1quio_(Pa%C3%ADses_Baixos);;;;;;;;;;;;;
São Bartolomeu; 9.793 ; 21,0 ; América ; Caribe ; Gustávia ;;;;;;;;;BLM;;;;;;;;;;;;;;;0;;;;;;;;;;;;;;;;;;;França;Coletividade de utramar;;;;;;;;https://pt.wikipedia.org/wiki/S%C3%A3o_Bartolomeu_(coletividade);;;;;;;;;;;;;
São Cristóvão e Neves; 52.823 ; 261,0 ; América ; Caribe ; Brasseferre ; Brasseferre ; 1.617 ; 980 ;;0,777;;Saint Kitts and Nevis;;KNA;1;.kn;;;;;;1;;;1;1;;;1;;;;;;;;1;1;1;;;;;;;;;;;1;1;;;;1;1;https://pt.wikipedia.org/wiki/S%C3%A3o_Crist%C3%B3v%C3%A3o_e_Nevis;CARICOM;;;;;;;;;;;;
São Martinho francesa; 35.334 ; 34,0 ; América ; Caribe ; Philpsburg ;;;;;;;;;MAF;;;;;;;;;;;;;;;0;;;;;;;;;;;;;;;;;;;França;Coletividade de utramar;;;;;;;;https://pt.wikipedia.org/wiki/S%C3%A3o_Martinho_(Fran%C3%A7a);;;;;;;;;;;;;
São Martinho holandesa; 40.614 ; 53,0 ; América ; Caribe ; Marigot ;;;;;;;;;SXM;;;;;;;;;;;;;;;0;;;;;;;;;;;;;;;;;;;Países Baixos;país autônomo;;;;;;;;https://pt.wikipedia.org/wiki/S%C3%A3o_Martinho_(Pa%C3%ADses_Baixos);;;;;;;;;;;;;
São Pedro e Miquelon; 6.008 ; 242,0 ; América ; América do Norte ; Saint Pierre ;;;;;;;Saint Pierre and Miquelon;;SPM;508;.pm;;;;;;;;;;;;;0;;;;;;;;;;;;;;;;;;;França;Departamento ultramarino;1;1;;;;;;https://pt.wikipedia.org/wiki/Saint-Pierre_e_Miquelon;;;;;;;;;;;;;
São Tomé e Príncipe; 201.784 ; 1.001,0 ; África ; África ocidental ; São Tomé ; Água Grande ; 726 ; 423 ;50,8;0,609;;São Tomé and Príncipe;;STP;239;.st;;;;;;;;;1;;;;1;;;;;;;;;;1;;;;;;;;;;;1;1;;;;;;https://pt.wikipedia.org/wiki/S%C3%A3o_Tom%C3%A9_e_Pr%C3%ADncipe;;;;;;;;;;;;;
São Vicente e Granadinas; 110.608 ; 388,0 ; América ; Caribe ; Kingstown ; Kingstown ; 1.322 ; 811 ;;0,728;;Saint Vincent and the Grenadines;;VCT;1;.vc;;;;;;1;;;1;1;;;1;;;;;;;;1;1;1;;;;;;;;;;;1;1;;;;;3;https://pt.wikipedia.org/wiki/S%C3%A3o_Vicente_e_Granadinas;CARICOM;;;;;;;;;;;;
Seicheles; 97.625 ; 455,0 ; África ; África oriental ; Victoria ; Victoria ; 2.873 ; 1.583 ;46,8;0,801;;Seychelles;;SYC;248;.sc;;;;;;;;;1;1;;;1;;;;;;;;;1;1;;;;1;;;;;;;1;1;;;;2;2;https://pt.wikipedia.org/wiki/Seicheles;SADC;;;;;;;;;;;;
Senegal; 16.209.125 ; 196.722,0 ; África ; África ocidental ; Dakar ; Dakar ; 47.335 ; 23.498 ;39,2;0,514;franco CFA;Senegal;Sénégal;SEN;221;.sn;;;;;;;;;1;;;;1;;;;;;;;;1;1;;;;;;1;;;;;;;;;1;7;;https://pt.wikipedia.org/wiki/Senegal;UEMOA;;;;;;;;;;;;
Serra Leoa; 7.901.454 ; 71.740,0 ; África ; África ocidental ; Freetown ; Freetown ; 12.177 ; 4.082 ;34,0;0,438;leone;Sierra Leone;Serra Leoa;SLE;232;.sl;;;;;;;;;1;1;;;1;;;;;;;;;1;1;;;;;;;;;;;;;;;;;;https://pt.wikipedia.org/wiki/Serra_Leoa;;;;;;;;;;;;;
Sérvia; 6.933.764 ; 88.361,0 ; Europa ; Europa meridional ; Belgrado ; Belgrado ; 111.622 ; 50.509 ;39,6;0,799;dinar sérvio;Serbia;Srbija;SRB;381;rs;;;;;;;;;1;;;;1;;;;;;;;;;1;;;;;;;;;;;;;;1;15;4;;https://pt.wikipedia.org/wiki/S%C3%A9rvia;;;;;;;;;;;;;
Singapura; 5.703.600 ; 618,0 ; Ásia ; Sudeste asiático ; Singapura ; Singapura ; 554.855 ; 364.139 ;42,5;0,935;dólar de Singapura;Singapore;Singapura;SGP;65;.sg;1;1;;;;;;;1;1;;;1;;;;;;;;;1;1;;;;;;;;;;;;1;;;5;1;2;https://pt.wikipedia.org/wiki/Singapura;ASEAN;;;;;;;;;;;;
Síria; 17.500.657 ; 185.180,0 ; Ásia ; Oriente médio ; Damasco ; Alepo ; 136.377 ; 77.460 ;35,8;0,549;libra síria;Syria;s?riy?;SYR;963;.sy;;;;;;;;;1;;;;1;;;;;;;;;;1;;;;;;;;;;;;;;;3;6;4;https://pt.wikipedia.org/wiki/S%C3%ADria;;;;;;;;;;;;;
Somália; 15.893.219 ; 637.657,0 ; África ; África oriental ; Mogadíscio ; Mogadíscio ; 19.568 ; 4.721 ;;;xelim somali;Somalia;Soomaaliya;SOM;252;.so;;;;;;;;;1;;;;1;;;1;;;;;;;1;;;;;;;;;;;;;;;;;;https://pt.wikipedia.org/wiki/Som%C3%A1lia;IGAD;;;;;;;;;;;;
Somalilândia; 3.508.180 ; 137.600,0 ; África ; África oriental ; Hargeisa ;;;;;;;;;;;;;;;;;;;;;;;;0;;;;;;;;;;;;;;;;;;;Somália;Em disputa separatista;;;;;;;;https://pt.wikipedia.org/wiki/Somalil%C3%A2ndia;;;;;;;;;;;;;
Sri Lanka; 21.803.000 ; 65.610,0 ; Ásia ; Ásia meridional ; Kotte ; Colombo ; 292.311 ; 88.901 ;40,3;0,780;rúpia ceilandesa;Sri Lanka;?r? La?k?va;LKA;94;.lk;;;;;;;;;1;1;;;1;;;;;;;;;1;1;;;1;;;;;;;;;;;;2;8;1;https://pt.wikipedia.org/wiki/Sri_Lanka;SAARC;;;;;;;;;;;;
Suazilândia; 1.093.238 ; 17.364,0 ; África ; África austral ; Mbabane ; Manzini ; 11.496 ; 4.711 ;51,5;0,608;lilangeni suazi;Swaziland;Umbuso weSwatini;SWZ;268;.sz;;;;;;;;;1;1;;;1;;;;;;;;;1;1;;;;1;;;;;;;;;;;;;;https://pt.wikipedia.org/wiki/Suazil%C3%A2ndia;SADC;;;;;;;;;;;;
Sudão; 42.480.095 ; 1.886.068,0 ; África ; Norte da África ; Cartum ; Omdurman ; 198.356 ; 34.282 ;35,3;0,507;dinar sudanês;Sudan;As-Sudan;SDN;249;.sd;;;;;;;;;1;;;;1;;;1;;;;;;;1;;;;;;;;;;;;;;;1;2;;https://pt.wikipedia.org/wiki/Sud%C3%A3o;IGAD;;;;;;;;;;;;
Sudão do Sul; 12.778.250 ; 644.329,0 ; África ; Norte da África ; Juba ; Juba ; 18.435 ; 4.583 ;45,5;0,413;libra sul sudanesa;South Sudan;South Sudan;SSD;211;.ss;;;;;;;;;;;;;1;;;1;;;;;;;1;;;;;;;;;;;;;;;;;;https://pt.wikipedia.org/wiki/Sud%C3%A3o_do_Sul;IGAD;;;;;;;;;;;;
Suécia; 10.338.368 ; 450.295,0 ; Europa ; Europa Setentrional ; Estocolmo ; Estocolmo ; 546.530 ; 556.073 ;25,0;0,937;coroa sueca;Sweden;Sverige;SWE;46;.se;;;;;;;;;1;;;;1;;;;;;;1;;1;1;;;;;1;;;;;;;;;31;494;15;5;https://pt.wikipedia.org/wiki/Su%C3%A9cia;UE;;;;;;;;;;;;
Suíça; 8.603.899 ; 41.285,0 ; Europa ; Europa ocidental ; Berna ; Zurique ; 541.346 ; 705.546 ;33,7;0,946;franco suíço;Switzerland;Schwiiz;CHE;41;.ch;;;;;;;;;1;;1;;1;;;;;;;1;;1;1;;;;;;;;;;;;;;28;192;11;13;https://pt.wikipedia.org/wiki/Su%C3%AD%C3%A7a;EFTA;;;;;;;;;;;;
Suriname; 581.372 ; 163.820,0 ; América ; América do Sul ; Paramaribo ; Paramaribo ; 8.822 ; 3.427 ;52,9;0,724;dólar do suriname;Suriname;Suriname;SUR;597;.sr;;;;;;1;;;1;;;;1;;;;;;;;1;1;1;;;;;;;;;;;;;;;2;2;;https://pt.wikipedia.org/wiki/Suriname;CARICOM;;;;;;;;;;;;
Tailândia; 66.501.392 ; 513.120,0 ; Ásia ; Sudeste asiático ; Bangcoc ; Bangcoc ; 1.310.573 ; 504.928 ;40,0;0,765;baht tailandês;Thailand;Thai;THA;66;.th;1;1;;;;;;;1;;;;1;;;;;;;;;1;1;;;;;;;;;;;;;;;33;5;6;https://pt.wikipedia.org/wiki/Tail%C3%A2ndia;ASEAN;;;;;;;;;;;;
Taiwan; 23.604.265 ; 36.179,0 ; Ásia ; Ásia oriental ; Taipé ; Nova Taipé ; 1.234.862 ; 589.906 ;;;novo dólar taiwanês;Taiwan;Táiw?n;TWN;886;.tw;1;;;;;;;;1;;;;1;;;;;;;;;1;;;;;;;;;;;;;1;;1;24;;;https://pt.wikipedia.org/wiki/Taiwan;;;;;;;;;;;;;
Tajiquistão; 9.127.000 ; 143.100,0 ; Ásia ; Ásia central ; Duchambe ; Duchambe ; 30.188 ; 7.520 ;34,0;0,624;somoni;Tajikistan;Çumhuriji ;TJK;992;.tj;;;;;;;1;;1;;;1;1;;;;;;;;;1;1;;;;;;;;;;;;;;;4;2;;https://pt.wikipedia.org/wiki/Tajiquist%C3%A3o;CEI;;;;;;;;;;;;
Tanzânia; 55.890.747 ; 945.087,0 ; África ; África oriental ; Dodoma ; Dar es Salaam ; 176.465 ; 56.852 ;37,6;0,528;xelim tanzaniano;Tanzania;Tanzania;TZA;255;.tz;;;;;1;;;;1;1;;;1;;;;;;;;;1;1;;;;1;;;;;;;;;;;2;7;3;https://pt.wikipedia.org/wiki/Tanz%C3%A2nia;CAO;;;;;;;;;;;;
Território Britânico do Oceano Índico; -   ; 60,0 ; Ásia ; Ásia meridional ; Diego Garcia ; Diego Garcia ;;;;;;British Indian Ocean Territory;;IOT;246;.io;;;;;;;;;;;;;0;;;;;;;;;;;;;;;;;;;Reino Unido;Território ultramarino;1;1;;;;;;https://pt.wikipedia.org/wiki/Territ%C3%B3rio_Brit%C3%A2nico_do_Oceano_%C3%8Dndico;;;;;;;;;;;;;
Territórios Austrais Franceses; -   ; 439,0 ; Ásia ; Ásia meridional ;;;;;;;;French Southern and Antarctic Lands;;ATF;;.tf;;;;;;;;;;;;;0;;;;;;;;;;;;;;;;;;;França;Território ultramarino;1;1;;;;;;https://pt.wikipedia.org/wiki/Terras_Austrais_e_Ant%C3%A1rticas_Francesas;;;;;;;;;;;;;
Timor Leste; 1.387.149 ; 14.874,0 ; Ásia ; Sudeste asiático ; Dili ; Dili ; 6.470 ; 2.746 ;28,7;;;Timor-Leste;;TLS;670;.tl;;;;;;;;;1;;;;1;;;;;;;;;;1;;;;;;;;;;;1;;1;2;;;;https://pt.wikipedia.org/wiki/Timor-Leste;;;;;;;;;;;;;
Togo; 7.538.000 ; 56.785,0 ; África ; África ocidental ; Lomé ; Lomé ; 13.886 ; 5.358 ;34,4;0,513;franco CFA;Togo;République Togolaise;TGO;228;.tg;;;;;;;;;1;;;;1;;;;;;;;;1;1;;;;;;1;;;;;1;;;;1;1;;https://pt.wikipedia.org/wiki/Togo;UEMOA;;;;;;;;;;;;
Tokelau; 1.400 ; 12,0 ; Oceania ; Polinésia ; Nakunonu ;;;;;;;Tokelau;;TKL;690;.tk;;;;;;;;;;;;;0;;;;;;;;;;;;;;;;;;;Nova Zelândia;Território livre associado;1;1;;;;;;https://pt.wikipedia.org/wiki/Tokelau;;;;;;;;;;;;;
Tonga; 100.651 ; 747,0 ; Oceania ; Polinésia ; Nuku'alofa ; Nuku'alofa ; 620 ; 488 ;;0,717;;Tonga;;TON;676;.to;;;;;;;;;1;1;;;1;;;;;;;;;1;1;;;;;;;;;;;1;1;;;1;;1;https://pt.wikipedia.org/wiki/Tonga;;;;;;;;;;;;;
Transnístria; 469.000 ; 4.163,0 ; Europa ; Leste europeu ; Tiraspol ;;;;;;;;;;;;;;;;;;;;;;;;0;;;;;;;;;;;;;;;;;;;Moldávia;Em disputa separatista;;;;;;;;https://pt.wikipedia.org/wiki/Transn%C3%ADstria;;;;;;;;;;;;;
Trindade e Tobago; 1.363.985 ; 5.130,0 ; América ; Caribe ; Port of Spain ; Chaguanas ; 44.100 ; 22.525 ;40,3;0,799;;Trinidad and Tobago;;TTO;1;.tt;;;;;;1;;;1;1;;;1;;;;;;;;1;1;1;;;;;;;;;;;1;1;;1;19;;;https://pt.wikipedia.org/wiki/Trinidad_e_Tobago;CARICOM;;;;;;;;;;;;
Tunísia; 11.722.038 ; 163.610,0 ; África ; Norte da África ; Túnis ; Túnis ; 141.816 ; 39.895 ;41,4;0,739;dinar tunisiano;Tunisia;T?nis;TUN;216;.tn;;;;;;;;;1;;;;1;;;;;;;;;1;1;;;;;;;1;;;;;;;1;13;8;1;https://pt.wikipedia.org/wiki/Tun%C3%ADsia;UMA;;;;;;;;;;;;
Turquemenistão; 6.031.187 ; 488.100,0 ; Ásia ; Ásia central ; Asgabate ; Asgabate ; 112.393 ; 40.761 ;40,8;0,710;manate turcomeno;Turkmenistan;Türkmenistan;TKM;993;.tm;;;;;;;1;;1;;;1;1;;;;;;;;;;1;;;;;;;;;;;;;;;;3;;https://pt.wikipedia.org/wiki/Turquemenist%C3%A3o;CEI;;;;;;;;;;;;
Turquia; 83.154.997 ; 783.562,0 ; Ásia ; Oriente médio ; Ancara ; Istambul ; 2.320.641 ; 771.274 ;41,9;0,806;lira turca;Turkey;Türkiye;TUR;90;.tr;;;;;;;;;1;;;;1;1;;;;;;1;;1;1;;1;;;;;;;;;;;1;3;91;15;8;https://pt.wikipedia.org/wiki/Turquia;;;;;;;;;;;;;
Tuvalu; 10.200 ; 26,0 ; Oceania ; Polinésia ; Funafuti ; Alapi ; 44 ; 42 ;;;;Tuvalu;;TUV;688;.tv;;;;;;;;;;1;;;0;;;;;;;;;;1;;;;;;;;;;;1;1;;;;;;https://pt.wikipedia.org/wiki/Tuvalu;;;;;;;;;;;;;
Ucrânia; 41.858.119 ; 576.604,0 ; Europa ; Leste europeu ; Kiev ; Kiev ; 389.198 ; 130.857 ;26,4;0,750;grivnia;Ukraine;Ukrayina;UKR;380;.ua;;;;;;;1;;1;;;1;1;;;;;;;;;1;1;;;;;;;;;;;;;;5;121;7;;https://pt.wikipedia.org/wiki/Ucr%C3%A2nia;CEI;;;;;;;;;;;;
Uganda; 40.229.300 ; 241.038,0 ; África ; África oriental ; Kampala ; Kampala ; 95.434 ; 28.116 ;42,8;0,528;xelim de Uganda;Uganda;Uganda;UGA;256;.ug;;;;;1;;;;1;1;;;1;;;1;;;;;;1;1;;;;;;;;;;;;;;;7;3;2;https://pt.wikipedia.org/wiki/Uganda;CAO;;;;;;;;;;;;
Uruguai; 3.518.552 ; 176.215,0 ; América ; América do Sul ; Montevideu ; Montevideu ; 82.641 ; 59.651 ;39,5;0,808;peso uruguaio;Uruguay;Uruguay;URY;598;.uy;;;;;;;;;1;;;;1;;;;;1;;;1;1;1;;;;;;;;;;;;;;;10;1;1;https://pt.wikipedia.org/wiki/Uruguai;Mercosul;;;;;;;;;;;;
Uzbequistão; 34.165.089 ; 447.400,0 ; Ásia ; Ásia central ; Tashkent ; Tashkent ; 238.997 ; 50.485 ;36,7;0,710;som uzbeque;Uzbekistan;O?zbekiston;UZB;998;.uz;;;;;;;1;;1;;;1;1;;;;;;;;;;1;;;;;;;;;;;;;;;31;4;2;https://pt.wikipedia.org/wiki/Uzbequist%C3%A3o;CEI;;;;;;;;;;;;
Vanuatu; 304.500 ; 12.189,0 ; Oceania ; Melanésia ; Port Vila ; Port Vila ; 817 ; 928 ;;0,597;;Vanuatu;;VUT;678;.vu;;;;;;;;;1;1;;;1;;;;;;;;;1;1;;;;;;;;;;;1;1;;;;1;;https://pt.wikipedia.org/wiki/Vanuatu;;;;;;;;;;;;;
Vaticano; 825 ; 0,4 ; Europa ; Europa meridional ; Vaticano ; Vaticano ;;;;;euro;Vatican city;Status Civitatis Vaticanæ;VAT;379;.va;;;;;;;;;;;;;0;;;;;;;;;;;;;;;;;;;;;1;;;;;2;;https://pt.wikipedia.org/wiki/Vaticano;;;;;;;;;;;;;
Venezuela; 32.219.521 ; 912.050,0 ; América ; América do Sul ; Caracas ; Caracas ; 330.984 ; 98.437 ;44,8;0,726;bolivar venezuelano;Venezuela;Venezuela;VEN;58;.ve;;;;;;;;;1;;;;1;;;;;1;;;1;1;1;1;;;;;;;;;;;;;1;15;3;1;https://pt.wikipedia.org/wiki/Venezuela;Mercosul;;;;;;;;;;;;
Vietnã; 96.208.984 ; 331.212,0 ; Ásia ; Sudeste asiático ; Hanói ; Cidade de Ho Chi Minh ; 705.774 ; 241.272 ;35,3;0,666;dong;Vietnam;Vi?t Nam;VNM;84;.vn;1;1;;;;;;;1;;;;1;;;;;;;;;1;1;;;;;;;;;;;;;;1;4;8;6;https://pt.wikipedia.org/wiki/Vietn%C3%A3;ASEAN;;;;;;;;;;;;
Wallis e Futuna; 11.700 ; 274,0 ; Oceania ; Polinésia ; Mata Utu ; Mata Utu ;;;;;;Wallis and Futuna;;WLF;681;.wf;;;;;;;;;;;;;0;;;;;;;;;;;;;;;;;;;França;Coletividade de utramar;1;1;;;;;;https://pt.wikipedia.org/wiki/Wallis_e_Futuna;;;;;;;;;;;;;
Zâmbia; 17.885.422 ; 752.612,0 ; África ; África austral ; Lusaka ; Lusaka ; 73.299 ; 26.720 ;57,1;0,591;kwacha zambiana;Zambia;Zambia;ZMB;260;.zm;;;;;;;;;1;1;;;1;;;;;;;;;1;1;;;;1;;;;;;;;;;;2;1;3;https://pt.wikipedia.org/wiki/Z%C3%A2mbia;SADC;;;;;;;;;;;;
Zanzibar; 1.303.569 ; 2.461,0 ; África ; África oriental ; Zanzibar ;;;;;;;;;;;;;;;;;;;;;;;;0;;;;;;;;;;;;;;;;;;;Tanzânia;Território autônomo;;;;;;;;https://pt.wikipedia.org/wiki/Zanzibar;;;;;;;;;;;;;
Zimbabué; 15.159.624 ; 390.757,0 ; África ; África austral ; Harare ; Harare ; 35.565 ; 20.997 ;43,2;0,563;dólar zimbabuano;Zimbabwe;Zimbabwe;ZWE;263;.zw;;;;;;;;;1;;;;1;;;;;;;;;1;1;;;;1;;;;;;;;;;;8;5;2;https://pt.wikipedia.org/wiki/Zimbabwe;SADC;;;;;;;;;;;;
Total;;;;;;;;;;;;;;;;;21;10;5;4;5;15;11;6;202;54;4;15;211;19;7;8;5;5;3;36;35;164;193;13;28;8;15;;7;5;#REF!;;;;;;;;;;272;;;;;;;;;;;;;
;;;;;;;;;;;;;;;;;;;;;;;;;;;;;;;;;;;;;;;;;;;;;;;;;;;;;;;;;;;;;;;;;;;;;;
;;;;;;;;;;;;;;;;;;;;;;;;;;;;;;;;;;;;;;;;;;;;;;;;;;;;;;;;;;;;;;;;;;;;;;
;;;;;;;;;;;;;;;;;;;;;;;;;;;;;;;;;;;;;;;;;;;;;;;;;;;;;;;;;;;;;;;;;;;;;;
